GeoObject.code;HoortBijGeoobject.identificatie;Waardebepalingsmethode;GHPR;gebied;HandelingsperspectiefWBP;Doel_2022;brondoel_2022;c
NL11_1_1;NL11_Amstellandboezem;Fytoplankton;Fytoplankton-kwaliteit;;;0.64;KRW_2027;
NL11_1_1;NL11_Amstellandboezem;Macrofauna;Macrofauna-kwaliteit;;;0.47;KRW_2027;
NL11_1_1;NL11_Amstellandboezem;Vis;Vis-kwaliteit;;;0.71;KRW_2027;
NL11_1_1;NL11_Amstellandboezem;Ov. waterflora;Overige waterflora-kwaliteit;;;0.38;KRW_2027;
;NL11_1010-EAG-1;Ov. waterflora;Overige waterflora-kwaliteit;1010-EAG-1;;0.25;huidige toestand + gemiddelde 90p-50p tussen 2006 en 2019;
;NL11_1020-EAG-1;Ov. waterflora;Overige waterflora-kwaliteit;1020-EAG-1;;0.133666667;actuele toestand 2020 + 0.05;
;NL11_1030-EAG-1;Ov. waterflora;Overige waterflora-kwaliteit;1030-EAG-1;;0.2189;actuele toestand 2020 + gemiddelde 90p-50p tussen 2006 en 2019;
;NL11_1050-EAG-1;Ov. waterflora;Overige waterflora-kwaliteit;1050-EAG-1;;0.302;actuele toestand 2020 + 0.05;
;NL11_1060-EAG-1;Ov. waterflora;Overige waterflora-kwaliteit;1060-EAG-1;;0.28335;actuele toestand 2020 + gemiddelde 90p-50p tussen 2006 en 2019;
NL11_1_2;NL11_Vecht;Ov. waterflora;Overige waterflora-kwaliteit;;;0.38;KRW_2027;
NL11_1_2;NL11_Vecht;Fytoplankton;Fytoplankton-kwaliteit;;;0.63;KRW_2027;
NL11_1_2;NL11_Vecht;Macrofauna;Macrofauna-kwaliteit;;;0.61;KRW_2027;
NL11_1_2;NL11_Vecht;Vis;Vis-kwaliteit;;;0.8;KRW_2027;
;NL11_2010-EAG-1;Ov. waterflora;Overige waterflora-kwaliteit;2010-EAG-1;;0.39995;actuele toestand 2020 + gemiddelde 90p-50p tussen 2006 en 2019;
;NL11_2010-EAG-2;Ov. waterflora;Overige waterflora-kwaliteit;2010-EAG-2;;0.4175;actuele toestand 2020 + gemiddelde 90p-50p tussen 2006 en 2019;
;NL11_2020-EAG-1;Ov. waterflora;Overige waterflora-kwaliteit;2020-EAG-1;;0.2454;actuele toestand 2020 + gemiddelde 90p-50p tussen 2006 en 2019;
;NL11_2030-EAG-1;Ov. waterflora;Overige waterflora-kwaliteit;2030-EAG-1;;0.302866667;actuele toestand 2020 + gemiddelde 90p-50p tussen 2006 en 2019;
;NL11_2040-EAG-1;Ov. waterflora;Overige waterflora-kwaliteit;2040-EAG-1;;0.09;actuele toestand 2020 + gemiddelde 90p-50p tussen 2006 en 2019;
;NL11_2050-EAG-1;Ov. waterflora;Overige waterflora-kwaliteit;2050-EAG-1;;0.05;actuele toestand 2020 + 0.05;
;NL11_2100-EAG-1;Ov. waterflora;Overige waterflora-kwaliteit;2100-EAG-1;0.11;0.48;referentietoestand;
;NL11_2110-EAG-1;Ov. waterflora;Overige waterflora-kwaliteit;2110-EAG-1;0.21;0.378143333;actuele toestand 2020 + gemiddelde 90p-50p tussen 2006 en 2019;
;NL11_2110-EAG-2;Ov. waterflora;Overige waterflora-kwaliteit;2110-EAG-2;0.21;0.459;actuele toestand 2020 + 0.05;
;NL11_2110-EAG-3;Ov. waterflora;Overige waterflora-kwaliteit;2110-EAG-3;0.21;0.313708333;actuele toestand 2020 + gemiddelde 90p-50p tussen 2006 en 2019;
;NL11_2110-EAG-4;Ov. waterflora;Overige waterflora-kwaliteit;2110-EAG-4;0.21;0.258075;actuele toestand 2020 + gemiddelde 90p-50p tussen 2006 en 2019;
;NL11_2110-EAG-5;Ov. waterflora;Overige waterflora-kwaliteit;2110-EAG-5;0.21;0.316757143;actuele toestand 2020 + gemiddelde 90p-50p tussen 2006 en 2019;
;NL11_2110-EAG-6;Ov. waterflora;Overige waterflora-kwaliteit;2110-EAG-6;0.21;0.49705;;
;NL11_2110-EAG-7;Ov. waterflora;Overige waterflora-kwaliteit;2110-EAG-7;;;;
NL11_2_1;NL11_VaartenAmsterdam;Ov. waterflora;Overige waterflora-kwaliteit;;;0.2;KRW_2027;
NL11_2_1;NL11_VaartenAmsterdam;Fytoplankton;Fytoplankton-kwaliteit;;;0.78;KRW_2027;
NL11_2_1;NL11_VaartenAmsterdam;Macrofauna;Macrofauna-kwaliteit;;;0.36;KRW_2027;
;NL11_2120-EAG-2;Ov. waterflora;Overige waterflora-kwaliteit;2120-EAG-2;;0.52;WGP_Westeramstel;
;NL11_2120-EAG-3;Ov. waterflora;Overige waterflora-kwaliteit;2120-EAG-3;;0.52;WGP_Westeramstel;
NL11_2_1;NL11_VaartenAmsterdam;Vis;Vis-kwaliteit;;;0.41;KRW_2027;
NL11_2_10;NL11_PolderDemmerik;Macrofauna;Macrofauna-kwaliteit;;;0.29;KRW_2027;
NL11_2_10;NL11_PolderDemmerik;Vis;Vis-kwaliteit;;;0.8;KRW_2027;
;NL11_2130-EAG-2;Ov. waterflora;Overige waterflora-kwaliteit;2130-EAG-2;0.07;0.53;WGP_Westeramstel;
;NL11_2130-EAG-3;Ov. waterflora;Overige waterflora-kwaliteit;2130-EAG-3;0.07;0.53;WGP_Westeramstel;
;NL11_2130-EAG-4;Ov. waterflora;Overige waterflora-kwaliteit;2130-EAG-4;;;;
;NL11_2140-EAG-1;Ov. waterflora;Overige waterflora-kwaliteit;2140-EAG-1;;0.44;WGP_Westeramstel;
;NL11_2140-EAG-2;Ov. waterflora;Overige waterflora-kwaliteit;2140-EAG-2;;0.44;WGP_Westeramstel;
;NL11_2140-EAG-3;Ov. waterflora;Overige waterflora-kwaliteit;2140-EAG-3;;0.44;WGP_Westeramstel;
;NL11_2140-EAG-3;Fytoplankton;Abundantie fytoplankton;2140-EAG-3;;0.44;WGP_Westeramstel;
;NL11_2140-EAG-4;Ov. waterflora;Overige waterflora-kwaliteit;2140-EAG-4;;0.44;WGP_Westeramstel;
;NL11_2140-EAG-5;Ov. waterflora;Overige waterflora-kwaliteit;2140-EAG-5;;0.44;WGP_Westeramstel;
;NL11_2140-EAG-6;Ov. waterflora;Overige waterflora-kwaliteit;2140-EAG-6;;0.44;WGP_Westeramstel;
;NL11_2150-EAG-1;Ov. waterflora;Overige waterflora-kwaliteit;2150-EAG-1;;;;
;NL11_2150-EAG-2;Ov. waterflora;Overige waterflora-kwaliteit;2150-EAG-2;0.05;0.46;WGP_Westeramstel;
;NL11_2150-EAG-3;Ov. waterflora;Overige waterflora-kwaliteit;2150-EAG-3;0.05;0.46;WGP_Westeramstel;
;NL11_2160-EAG-1;Ov. waterflora;Overige waterflora-kwaliteit;2160-EAG-1;;0.103333333;actuele toestand 2020 + 0.05;
;NL11_2200-EAG-1;Ov. waterflora;Overige waterflora-kwaliteit;2200-EAG-1;;0.218866667;actuele toestand 2020 + gemiddelde 90p-50p tussen 2006 en 2019;
;NL11_2210-EAG-1;Ov. waterflora;Overige waterflora-kwaliteit;2210-EAG-1;;0.1296;actuele toestand 2020 + gemiddelde 90p-50p tussen 2006 en 2019;
NL11_2_10;NL11_PolderDemmerik;Ov. waterflora;Overige waterflora-kwaliteit;;0.1;0.5;KRW_2027;
NL11_2_11;NL11_GrootWilnis-VinkeveenZuid;Fytoplankton;Fytoplankton-kwaliteit;;;0.46;KRW_2027;
NL11_2_11;NL11_GrootWilnis-VinkeveenZuid;Macrofauna;Macrofauna-kwaliteit;;;0.39;KRW_2027;
NL11_2_11;NL11_GrootWilnis-VinkeveenZuid;Vis;Vis-kwaliteit;;;0.8;KRW_2027;
;NL11_2220-EAG-2;Ov. waterflora;Overige waterflora-kwaliteit;2220-EAG-2;0.1;0.395894949;actuele toestand 2020 + gemiddelde 90p-50p tussen 2006 en 2019;
;NL11_2220-EAG-3;Ov. waterflora;Overige waterflora-kwaliteit;2220-EAG-3;0.1;0.3761;actuele toestand 2020 + gemiddelde 90p-50p tussen 2006 en 2019;
;NL11_2220-EAG-4;Ov. waterflora;Overige waterflora-kwaliteit;2220-EAG-4;;0.348233333;actuele toestand 2020 + gemiddelde 90p-50p tussen 2006 en 2019;
;NL11_2220-EAG-5;Ov. waterflora;Overige waterflora-kwaliteit;2220-EAG-5;;0.395894949;doel eag-2;
;NL11_2220-EAG-6;Ov. waterflora;Overige waterflora-kwaliteit;2220-EAG-6;;0.395894949;doel eag-2;
;NL11_2220-EAG-7;Ov. waterflora;Overige waterflora-kwaliteit;2220-EAG-7;;0.395894949;doel eag-2;
;NL11_2230-EAG-1;Ov. waterflora;Overige waterflora-kwaliteit;2230-EAG-1;0.08;0.517590758;actuele toestand 2020 + gemiddelde 90p-50p tussen 2006 en 2019;
;NL11_2230-EAG-2;Ov. waterflora;Overige waterflora-kwaliteit;2230-EAG-2;0.08;0.128225;actuele toestand 2020 + gemiddelde 90p-50p tussen 2006 en 2019;
;NL11_2240-EAG-1;Ov. waterflora;Overige waterflora-kwaliteit;2240-EAG-1;0.1;0.456266667;actuele toestand 2020 + gemiddelde 90p-50p tussen 2006 en 2019;
NL11_2_11;NL11_GrootWilnis-VinkeveenZuid;Ov. waterflora;Overige waterflora-kwaliteit;;0.17;0.49;KRW_2027;
NL11_2_12;NL11_Westveen;Fytoplankton;Fytoplankton-kwaliteit;;;0.8;KRW_2027;
NL11_2_12;NL11_Westveen;Macrofauna;Macrofauna-kwaliteit;;;0.8;KRW_2027;
NL11_2_12;NL11_Westveen;Vis;Vis-kwaliteit;;;0.7;KRW_2027;
;NL11_2250-EAG-2;Ov. waterflora;Overige waterflora-kwaliteit;2250-EAG-2;0.065;0.4294;referentietoestand;
;NL11_2250-EAG-3;Ov. waterflora;Overige waterflora-kwaliteit;2250-EAG-3;0.065;0.307033333;actuele toestand 2020 + gemiddelde 90p-50p tussen 2006 en 2019;
;NL11_2250-EAG-4;Ov. waterflora;Overige waterflora-kwaliteit;2250-EAG-4;0.065;0.097283333;actuele toestand 2020 + gemiddelde 90p-50p tussen 2006 en 2019;
;NL11_2250-EAG-5;Ov. waterflora;Overige waterflora-kwaliteit;2250-EAG-5;0.065;0.063;referentietoestand;
;NL11_2250-EAG-6;Ov. waterflora;Overige waterflora-kwaliteit;2250-EAG-6;0.065;0.240666667;referentietoestand;
;NL11_2250-EAG-7;Ov. waterflora;Overige waterflora-kwaliteit;2250-EAG-7;0.065;0.485166667;actuele toestand 2020 + gemiddelde 90p-50p tussen 2006 en 2019;
;NL11_2270-EAG-1;Ov. waterflora;Overige waterflora-kwaliteit;2270-EAG-1;0.27;0.413730556;actuele toestand 2020 + gemiddelde 90p-50p tussen 2006 en 2019;
;NL11_2280-EAG-1;Ov. waterflora;Overige waterflora-kwaliteit;2280-EAG-1;;0.469153788;actuele toestand 2020 + gemiddelde 90p-50p tussen 2006 en 2019;
;NL11_2290-EAG-1;Ov. waterflora;Overige waterflora-kwaliteit;2290-EAG-1;0.1;0.37155;actuele toestand 2020 + gemiddelde 90p-50p tussen 2006 en 2019;
;NL11_2300-EAG-1;Ov. waterflora;Overige waterflora-kwaliteit;2300-EAG-1;0.075;0.49115873;actuele toestand 2020 + gemiddelde 90p-50p tussen 2006 en 2019;
;NL11_2310-EAG-1;Ov. waterflora;Overige waterflora-kwaliteit;2310-EAG-1;0.05;0.466975294;actuele toestand 2020 + gemiddelde 90p-50p tussen 2006 en 2019;
;NL11_2310-EAG-2;Ov. waterflora;Overige waterflora-kwaliteit;2310-EAG-2;0.05;0.1634;actuele toestand 2020 + gemiddelde 90p-50p tussen 2006 en 2019;
;NL11_2310-EAG-3;Ov. waterflora;Overige waterflora-kwaliteit;2310-EAG-3;;0.466975294;doel eag-1;
;NL11_2310-EAG-4;Ov. waterflora;Overige waterflora-kwaliteit;2310-EAG-4;;0.466975294;doel eag-1;
;NL11_2310-EAG-5;Ov. waterflora;Overige waterflora-kwaliteit;2310-EAG-5;;0.466975294;doel eag-1;
;NL11_2310-EAG-6;Ov. waterflora;Overige waterflora-kwaliteit;2310-EAG-6;;0.466975294;doel eag-1;
;NL11_2310-EAG-7;Ov. waterflora;Overige waterflora-kwaliteit;2310-EAG-7;;0.466975294;doel eag-1;
;NL11_2310-EAG-8;Ov. waterflora;Overige waterflora-kwaliteit;2310-EAG-8;;0.466975294;doel eag-1;
;NL11_2330-EAG-1;Ov. waterflora;Overige waterflora-kwaliteit;2330-EAG-1;0.12;0.52014765;actuele toestand 2020 + gemiddelde 90p-50p tussen 2006 en 2019;
;NL11_2340-EAG-1;Ov. waterflora;Overige waterflora-kwaliteit;2340-EAG-1;0.14;0.594644841;actuele toestand 2020 + gemiddelde 90p-50p tussen 2006 en 2019;
;NL11_2340-EAG-2;Ov. waterflora;Overige waterflora-kwaliteit;2340-EAG-2;0.14;0.50925;actuele toestand 2020 + gemiddelde 90p-50p tussen 2006 en 2019;
;NL11_2350-EAG-1;Ov. waterflora;Overige waterflora-kwaliteit;2350-EAG-1;;0.15365;actuele toestand 2020 + gemiddelde 90p-50p tussen 2006 en 2019;
;NL11_2370-EAG-1;Ov. waterflora;Overige waterflora-kwaliteit;2370-EAG-1;;0.4628;actuele toestand 2020 + gemiddelde 90p-50p tussen 2006 en 2019;
;NL11_2380-EAG-1;Ov. waterflora;Overige waterflora-kwaliteit;2380-EAG-1;;0.647644444;actuele toestand 2020 + gemiddelde 90p-50p tussen 2006 en 2019;
NL11_2_12;NL11_Westveen;Ov. waterflora;Overige waterflora-kwaliteit;;0.1975;0.8;KRW_2027;
NL11_2_2;NL11_VaartenVechtstreek;Fytoplankton;Fytoplankton-kwaliteit;;;0.55;KRW_2027;
NL11_2_2;NL11_VaartenVechtstreek;Macrofauna;Macrofauna-kwaliteit;;;0.54;KRW_2027;
;NL11_2400-EAG-6;Ov. waterflora;Overige waterflora-kwaliteit;2400-EAG-6;0.14;0.398333333;actuele toestand 2020 + gemiddelde 90p-50p tussen 2006 en 2019 + 0.05 ekr bonus;
;NL11_2410-EAG-1;Ov. waterflora;Overige waterflora-kwaliteit;2410-EAG-1;0.1595;0.524670966;actuele toestand 2020 + gemiddelde 90p-50p tussen 2006 en 2019 + 0.05 ekr bonus;
;NL11_2410-EAG-2;Ov. waterflora;Overige waterflora-kwaliteit;2410-EAG-2;0.1595;0.578288889;actuele toestand 2020 + gemiddelde 90p-50p tussen 2006 en 2019 + 0.05 ekr bonus;
;NL11_2410-EAG-3;Ov. waterflora;Overige waterflora-kwaliteit;2410-EAG-3;0.1595;0.587341667;actuele toestand 2020 + gemiddelde 90p-50p tussen 2006 en 2019 + 0.05 ekr bonus;
;NL11_2410-EAG-4;Ov. waterflora;Overige waterflora-kwaliteit;2410-EAG-4;0.1595;0.415555556;actuele toestand 2020 + gemiddelde 90p-50p tussen 2006 en 2019 + 0.05 ekr bonus;
;NL11_2500-EAG-1;Ov. waterflora;Overige waterflora-kwaliteit;2500-EAG-1;0;0.58170101;actuele toestand 2020 + gemiddelde 90p-50p tussen 2006 en 2019;
NL11_2_2;NL11_VaartenVechtstreek;Vis;Vis-kwaliteit;;;0.72;KRW_2027;
NL11_2_2;NL11_VaartenVechtstreek;Ov. waterflora;Overige waterflora-kwaliteit;;;0.47;KRW_2027;
NL11_2_4;NL11_VaartenZevenhoven;Macrofauna;Macrofauna-kwaliteit;;;0.41;KRW_2027;
NL11_2_4;NL11_VaartenZevenhoven;Vis;Vis-kwaliteit;;;0.8;KRW_2027;
NL11_2_4;NL11_VaartenZevenhoven;Ov. waterflora;Overige waterflora-kwaliteit;;;0.49;KRW_2027;
NL11_2_5;NL11_VaartenRondeHoep;Ov. waterflora;Overige waterflora-kwaliteit;;0.14;0.72;KRW_2027;
NL11_2_5;NL11_VaartenRondeHoep;Macrofauna;Macrofauna-kwaliteit;;0.14;0.76;KRW_2027;
NL11_2_5;NL11_VaartenRondeHoep;Vis;Vis-kwaliteit;;0.14;0.8;KRW_2027;
NL11_2_7;NL11_VaartenGrootMijdrec;Ov. waterflora;Overige waterflora-kwaliteit;;0.05;0.33;KRW_2027;
NL11_2_7;NL11_VaartenGrootMijdrec;Macrofauna;Macrofauna-kwaliteit;;;0.27;KRW_2027;
NL11_2_7;NL11_VaartenGrootMijdrec;Vis;Vis-kwaliteit;;;0.14;KRW_2027;
;NL11_2502-EAG-1;Ov. waterflora;Overige waterflora-kwaliteit;2502-EAG-1;0.1475;0.41;WGP_GWV;
;NL11_2502-EAG-2;Ov. waterflora;Overige waterflora-kwaliteit;2502-EAG-2;0.1475;0.41;WGP_GWV;
;NL11_2503-EAG-1;Ov. waterflora;Overige waterflora-kwaliteit;2503-EAG-1;0.1;0.36;WGP_GWV;
;NL11_2504-EAG-1;Ov. waterflora;Overige waterflora-kwaliteit;2504-EAG-1;0.145;0.5234;actuele toestand 2020 + gemiddelde 90p-50p tussen 2006 en 2019;
;NL11_2505-EAG-1;Ov. waterflora;Overige waterflora-kwaliteit;2505-EAG-1;0.2;0.44;WGP_GWV;
;NL11_2506-EAG-1;Ov. waterflora;Overige waterflora-kwaliteit;2506-EAG-1;;0.10675;actuele toestand 2020 + gemiddelde 90p-50p tussen 2006 en 2019;
NL11_2_8;NL11_Bovenkerkerpolder;Ov. waterflora;Overige waterflora-kwaliteit;;;0.36;KRW_2027;
NL11_2_8;NL11_Bovenkerkerpolder;Macrofauna;Macrofauna-kwaliteit;;;0.25;KRW_2027;
NL11_2_8;NL11_Bovenkerkerpolder;Vis;Vis-kwaliteit;;;0.59;KRW_2027;
NL11_2_9;NL11_Noorderlegmeer;Ov. waterflora;Overige waterflora-kwaliteit;;;0.4;KRW_2027;
;NL11_2510-EAG-2;Ov. waterflora;Overige waterflora-kwaliteit;2510-EAG-2;;0.19605;actuele toestand 2020 + gemiddelde 90p-50p tussen 2006 en 2019;
;NL11_2511-EAG-1;Ov. waterflora;Overige waterflora-kwaliteit;2511-EAG-1;0;0.325291667;actuele toestand 2020 + gemiddelde 90p-50p tussen 2006 en 2019;
;NL11_2512-EAG-1;Ov. waterflora;Overige waterflora-kwaliteit;2512-EAG-1;;0.402533333;actuele toestand 2020 + gemiddelde 90p-50p tussen 2006 en 2019;
;NL11_2520-EAG-1;Ov. waterflora;Overige waterflora-kwaliteit;2520-EAG-1;0.085;0.545067892;actuele toestand 2020 + gemiddelde 90p-50p tussen 2006 en 2019;
;NL11_2520-EAG-2;Ov. waterflora;Overige waterflora-kwaliteit;2520-EAG-2;0.085;0.384527778;actuele toestand 2020 + gemiddelde 90p-50p tussen 2006 en 2019;
;NL11_2520-EAG-3;Ov. waterflora;Overige waterflora-kwaliteit;2520-EAG-3;;;;
;NL11_2520-EAG-4;Ov. waterflora;Overige waterflora-kwaliteit;2520-EAG-4;0.085;0.476744444;actuele toestand 2020 + gemiddelde 90p-50p tussen 2006 en 2019;
;NL11_2530-EAG-1;Ov. waterflora;Overige waterflora-kwaliteit;2530-EAG-1;0.095;0.551612414;actuele toestand 2020 + gemiddelde 90p-50p tussen 2006 en 2019;
;NL11_2530-EAG-2;Ov. waterflora;Overige waterflora-kwaliteit;2530-EAG-2;0.095;0.600937217;actuele toestand 2020 + gemiddelde 90p-50p tussen 2006 en 2019;
NL11_2_9;NL11_Noorderlegmeer;Macrofauna;Macrofauna-kwaliteit;;;0.35;KRW_2027;
NL11_2_9;NL11_Noorderlegmeer;Vis;Vis-kwaliteit;;;0.66;KRW_2027;
NL11_3_1;NL11_Sloterplas;Fytoplankton;Fytoplankton-kwaliteit;;;0.71;KRW_2027;
;NL11_2540-EAG-2;Ov. waterflora;Overige waterflora-kwaliteit;2540-EAG-2;0.05;0.097425;actuele toestand 2020 + gemiddelde 90p-50p tussen 2006 en 2019;
;NL11_2540-EAG-3;Ov. waterflora;Overige waterflora-kwaliteit;2540-EAG-3;0.05;0.53525;referentietoestand;
;NL11_2540-EAG-4;Ov. waterflora;Overige waterflora-kwaliteit;2540-EAG-4;0.05;0.547133929;actuele toestand 2020 + gemiddelde 90p-50p tussen 2006 en 2019;
;NL11_2540-EAG-5;Ov. waterflora;Overige waterflora-kwaliteit;2540-EAG-5;0.05;0.291525;actuele toestand 2020 + gemiddelde 90p-50p tussen 2006 en 2019;
NL11_3_1;NL11_Sloterplas;Macrofauna;Macrofauna-kwaliteit;;;0.47;KRW_2027;
NL11_3_1;NL11_Sloterplas;Vis;Vis-kwaliteit;;;0.72;KRW_2027;
NL11_3_1;NL11_Sloterplas;Ov. waterflora;Overige waterflora-kwaliteit;;;0.4;KRW_2027;
NL11_3_2;NL11_Gaasperplas;Ov. waterflora;Overige waterflora-kwaliteit;;;0.75;KRW_2027;
;NL11_2550-EAG-4;Ov. waterflora;Overige waterflora-kwaliteit;2550-EAG-4;0.1;0.254549074;actuele toestand 2020 + gemiddelde 90p-50p tussen 2006 en 2019;
;NL11_2550-EAG-5;Ov. waterflora;Overige waterflora-kwaliteit;2550-EAG-5;0.1;0.463816239;referentietoestand;
;NL11_2560-EAG-1;Ov. waterflora;Overige waterflora-kwaliteit;2560-EAG-1;0.085;0.592714744;actuele toestand 2020 + gemiddelde 90p-50p tussen 2006 en 2019;
;NL11_2560-EAG-2;Ov. waterflora;Overige waterflora-kwaliteit;2560-EAG-2;0.085;0.344830556;actuele toestand 2020 + gemiddelde 90p-50p tussen 2006 en 2019;
;NL11_2570-EAG-1;Ov. waterflora;Overige waterflora-kwaliteit;2570-EAG-1;0.085;0.548556471;actuele toestand 2020 + gemiddelde 90p-50p tussen 2006 en 2019;
;NL11_2570-EAG-2;Ov. waterflora;Overige waterflora-kwaliteit;2570-EAG-2;0.085;0.67275;referentietoestand;
NL11_3_2;NL11_Gaasperplas;Fytoplankton;Fytoplankton-kwaliteit;;;0.8;KRW_2027;
NL11_3_2;NL11_Gaasperplas;Macrofauna;Macrofauna-kwaliteit;;;0.56;KRW_2027;
NL11_3_2;NL11_Gaasperplas;Vis;Vis-kwaliteit;;;0.65;KRW_2027;
;NL11_2600-EAG-2;Ov. waterflora;Overige waterflora-kwaliteit;2600-EAG-2;;0.38795;actuele toestand 2020 + gemiddelde 90p-50p tussen 2006 en 2019;
;NL11_2600-EAG-3;Ov. waterflora;Overige waterflora-kwaliteit;2600-EAG-3;;0.259544444;actuele toestand 2020 + gemiddelde 90p-50p tussen 2006 en 2019;
;NL11_2600-EAG-4;Ov. waterflora;Overige waterflora-kwaliteit;2600-EAG-4;0.06;0.221283333;actuele toestand 2020 + gemiddelde 90p-50p tussen 2006 en 2019;
;NL11_2600-EAG-9;Ov. waterflora;Overige waterflora-kwaliteit;2600-EAG-9;;0.154664286;actuele toestand 2020 + gemiddelde 90p-50p tussen 2006 en 2019;
;NL11_2610-EAG-1;Ov. waterflora;Overige waterflora-kwaliteit;2610-EAG-1;0.12;0.353088604;actuele toestand 2020 + gemiddelde 90p-50p tussen 2006 en 2019;
;NL11_2620-EAG-1;Ov. waterflora;Overige waterflora-kwaliteit;2620-EAG-1;;0.393250505;actuele toestand 2020 + gemiddelde 90p-50p tussen 2006 en 2019;
;NL11_2625-EAG-1;Ov. waterflora;Overige waterflora-kwaliteit;2625-EAG-1;;0.452804545;actuele toestand 2020 + gemiddelde 90p-50p tussen 2006 en 2019;
;NL11_2630-EAG-1;Ov. waterflora;Overige waterflora-kwaliteit;2630-EAG-1;0.1975;0.359837879;actuele toestand 2020 + gemiddelde 90p-50p tussen 2006 en 2019;
;NL11_2630-EAG-2;Ov. waterflora;Overige waterflora-kwaliteit;2630-EAG-2;0.1975;0.307738889;actuele toestand 2020 + gemiddelde 90p-50p tussen 2006 en 2019;
NL11_3_3;NL11_Ouderkerkerplas;Ov. waterflora;Overige waterflora-kwaliteit;;;0.39;KRW_2027;
NL11_3_3;NL11_Ouderkerkerplas;Fytoplankton;Fytoplankton-kwaliteit;;;0.65;KRW_2027;
NL11_3_3;NL11_Ouderkerkerplas;Macrofauna;Macrofauna-kwaliteit;;;0.36;KRW_2027;
NL11_3_3;NL11_Ouderkerkerplas;Vis;Vis-kwaliteit;;;0.41;KRW_2027;
;NL11_3???-EAG-1;Ov. waterflora;Overige waterflora-kwaliteit;3???-EAG-1;;0.662;actuele toestand 2020 + gemiddelde 90p-50p tussen 2006 en 2019;
NL11_3_4;NL11_Vinkeveenseplassen;Fytoplankton;Fytoplankton-kwaliteit;;;0.74;KRW_2027;
NL11_3_4;NL11_Vinkeveenseplassen;Macrofauna;Macrofauna-kwaliteit;;;0.63;KRW_2027;
NL11_3_4;NL11_Vinkeveenseplassen;Vis;Vis-kwaliteit;;;0.66;KRW_2027;
NL11_3_4;NL11_Vinkeveenseplassen;Ov. waterflora;Overige waterflora-kwaliteit;;;0.61;KRW_2027;
;NL11_3000-EAG-5;Ov. waterflora;Overige waterflora-kwaliteit;3000-EAG-5;;0.3066;actuele toestand 2020 + gemiddelde 90p-50p tussen 2006 en 2019;
;NL11_3010-EAG-1;Ov. waterflora;Overige waterflora-kwaliteit;3010-EAG-1;;;;
;NL11_3020-EAG-1;Ov. waterflora;Overige waterflora-kwaliteit;3020-EAG-1;;0.53;referentietoestand;
;NL11_3020-EAG-2;Ov. waterflora;Overige waterflora-kwaliteit;3020-EAG-2;;0.547133333;actuele toestand 2020 + gemiddelde 90p-50p tussen 2006 en 2019;
;NL11_3040-EAG-1;Ov. waterflora;Overige waterflora-kwaliteit;3040-EAG-1;;0.5005;actuele toestand 2020 + gemiddelde 90p-50p tussen 2006 en 2019;
;NL11_3050-EAG-1;Ov. waterflora;Overige waterflora-kwaliteit;3050-EAG-1;;0.4842;actuele toestand 2020 + gemiddelde 90p-50p tussen 2006 en 2019;
;NL11_3050-EAG-2;Ov. waterflora;Overige waterflora-kwaliteit;3050-EAG-2;;0.7791;actuele toestand 2020 + gemiddelde 90p-50p tussen 2006 en 2019;
;NL11_3070-EAG-1;Ov. waterflora;Overige waterflora-kwaliteit;3070-EAG-1;0.1;0.630655952;actuele toestand 2020 + gemiddelde 90p-50p tussen 2006 en 2019;
;NL11_3070-EAG-2;Ov. waterflora;Overige waterflora-kwaliteit;3070-EAG-2;0.1;0.623461518;actuele toestand 2020 + gemiddelde 90p-50p tussen 2006 en 2019;
;NL11_3080-EAG-1;Ov. waterflora;Overige waterflora-kwaliteit;3080-EAG-1;;;;
NL11_3_6;NL11_Spiegelplas;Fytoplankton;Fytoplankton-kwaliteit;;;0.79;KRW_2027;
NL11_3_6;NL11_Spiegelplas;Macrofauna;Macrofauna-kwaliteit;;;0.69;KRW_2027;
NL11_3_6;NL11_Spiegelplas;Vis;Vis-kwaliteit;;;0.8;KRW_2027;
NL11_3_6;NL11_Spiegelplas;Ov. waterflora;Overige waterflora-kwaliteit;;;0.63;KRW_2027;
;NL11_3100-EAG-10;Ov. waterflora;Overige waterflora-kwaliteit;3100-EAG-10;;0.307083333;actuele toestand 2020;
;NL11_3110-EAG-1;Ov. waterflora;Overige waterflora-kwaliteit;3110-EAG-1;0.07;0.455245532;actuele toestand 2020;
;NL11_3110-EAG-2;Ov. waterflora;Overige waterflora-kwaliteit;3110-EAG-2;0.07;0.651797619;actuele toestand 2020;
;NL11_3110-EAG-3;Ov. waterflora;Overige waterflora-kwaliteit;3110-EAG-3;0.07;0.434140152;actuele toestand 2020;
;NL11_3110-EAG-4;Ov. waterflora;Overige waterflora-kwaliteit;3110-EAG-4;0.07;0.306;actuele toestand 2020 + 0.05;
;NL11_3110-EAG-5;Ov. waterflora;Overige waterflora-kwaliteit;3110-EAG-5;0.07;0.621197857;actuele toestand 2020 + gemiddelde 90p-50p tussen 2006 en 2019;
NL11_3_7;NL11_WijdeBlik;Fytoplankton;Fytoplankton-kwaliteit;;;0.42;KRW_2027;
NL11_3_7;NL11_WijdeBlik;Macrofauna;Macrofauna-kwaliteit;;;0.55;KRW_2027;
NL11_3_7;NL11_WijdeBlik;Vis;Vis-kwaliteit;;;0.7;KRW_2027;
NL11_3_7;NL11_WijdeBlik;Ov. waterflora;Overige waterflora-kwaliteit;;;0.64;KRW_2027;
;NL11_3200-EAG-2;Ov. waterflora;Overige waterflora-kwaliteit;3200-EAG-2;;0.6;WGP_NVP-noord;
NL11_3_8;NL11_GroteMaarsseveensep;Fytoplankton;Fytoplankton-kwaliteit;;;0.8;KRW_2027;
NL11_3_8;NL11_GroteMaarsseveensep;Macrofauna;Macrofauna-kwaliteit;;;0.46;KRW_2027;
NL11_3_8;NL11_GroteMaarsseveensep;Vis;Vis-kwaliteit;;;0.61;KRW_2027;
NL11_3_8;NL11_GroteMaarsseveensep;Ov. waterflora;Overige waterflora-kwaliteit;;;0.49;KRW_2027;
;NL11_3201-EAG-3;Ov. waterflora;Overige waterflora-kwaliteit;3201-EAG-3;0.085;0.7;WGP_NVP-noord;
;NL11_3210-EAG-1;Ov. waterflora;Overige waterflora-kwaliteit;3210-EAG-1;0.15;0.591327778;actuele toestand 2020 + gemiddelde 90p-50p tussen 2006 en 2019;
;NL11_3210-EAG-2;Ov. waterflora;Overige waterflora-kwaliteit;3210-EAG-2;0.15;0.542508333;actuele toestand 2020 + gemiddelde 90p-50p tussen 2006 en 2019;
;NL11_3210-EAG-3;Ov. waterflora;Overige waterflora-kwaliteit;3210-EAG-3;0.15;0.550744444;actuele toestand 2020 + gemiddelde 90p-50p tussen 2006 en 2019;
;NL11_3220-EAG-1;Ov. waterflora;Overige waterflora-kwaliteit;3220-EAG-1;0.05;0.435261111;actuele toestand 2020 + gemiddelde 90p-50p tussen 2006 en 2019;
;NL11_3220-EAG-2;Ov. waterflora;Overige waterflora-kwaliteit;3220-EAG-2;0.05;0.454538462;referentietoestand;
;NL11_3220-EAG-3;Ov. waterflora;Overige waterflora-kwaliteit;3220-EAG-3;0.05;0.3671;referentietoestand;
;NL11_3220-EAG-4;Ov. waterflora;Overige waterflora-kwaliteit;3220-EAG-4;0.05;0.515693182;actuele toestand 2020;
;NL11_3220-EAG-5;Ov. waterflora;Overige waterflora-kwaliteit;3220-EAG-5;0.05;0.054;actuele toestand 2020 + gemiddelde 90p-50p tussen 2006 en 2019 + 0.05 ekr bonus;
;NL11_3220-EAG-6;Ov. waterflora;Overige waterflora-kwaliteit;3220-EAG-6;0.05;0.483166667;actuele toestand 2020;
NL11_3_9;NL11_Waterleidingplas;Fytoplankton;Fytoplankton-kwaliteit;;;0.8;KRW_2027;
NL11_3_9;NL11_Waterleidingplas;Macrofauna;Macrofauna-kwaliteit;;;0.63;KRW_2027;
NL11_3_9;NL11_Waterleidingplas;Vis;Vis-kwaliteit;;;0.62;KRW_2027;
NL11_3_9;NL11_Waterleidingplas;Ov. waterflora;Overige waterflora-kwaliteit;;;0.59;KRW_2027;
NL11_4_1;NL11_Naardermeer;Fytoplankton;Fytoplankton-kwaliteit;;;0.69;KRW_2027;
NL11_4_1;NL11_Naardermeer;Macrofauna;Macrofauna-kwaliteit;;;0.61;KRW_2027;
NL11_4_1;NL11_Naardermeer;Vis;Vis-kwaliteit;;;0.6;KRW_2027;
NL11_4_1;NL11_Naardermeer;Ov. waterflora;Overige waterflora-kwaliteit;;;0.71;KRW_2027;
NL11_5_3;NL11_Loenderveenoost;Fytoplankton;Fytoplankton-kwaliteit;;;0.62;KRW_2027;
NL11_5_3;NL11_Loenderveenoost;Macrofauna;Macrofauna-kwaliteit;;;0.53;KRW_2027;
NL11_5_3;NL11_Loenderveenoost;Vis;Vis-kwaliteit;;;0.79;KRW_2027;
NL11_5_3;NL11_Loenderveenoost;Ov. waterflora;Overige waterflora-kwaliteit;;;0.39;KRW_2027;
;NL11_3230-EAG-4;Ov. waterflora;Overige waterflora-kwaliteit;3230-EAG-4;0.06;0.488448889;actuele toestand 2020 + gemiddelde 90p-50p tussen 2006 en 2019;
NL11_5_4;NL11_TerraNova;Fytoplankton;Fytoplankton-kwaliteit;;;0.8;KRW_2027;
NL11_5_4;NL11_TerraNova;Macrofauna;Macrofauna-kwaliteit;;;0.58;KRW_2027;
NL11_5_4;NL11_TerraNova;Vis;Vis-kwaliteit;;;0.7;KRW_2027;
NL11_5_4;NL11_TerraNova;Ov. waterflora;Overige waterflora-kwaliteit;;;0.58;KRW_2027;
;NL11_3240-EAG-1;Ov. waterflora;Overige waterflora-kwaliteit;3240-EAG-1;0.115;0.506894444;actuele toestand 2020 + gemiddelde 90p-50p tussen 2006 en 2019;
;NL11_3250-EAG-1;Ov. waterflora;Overige waterflora-kwaliteit;3250-EAG-1;;0.311933333;WGP-HSVO;
;NL11_3260-EAG-1;Ov. waterflora;Overige waterflora-kwaliteit;3260-EAG-1;0.075;0.6;WGP_NVP-noord;
NL11_5_5;NL11_LoosdrechtsePlas1tm5;Ov. waterflora;Overige waterflora-kwaliteit;;;0.41;KRW_2027;
NL11_5_5;NL11_LoosdrechtsePlas1tm5;Fytoplankton;Fytoplankton-kwaliteit;;;0.47;KRW_2027;
NL11_5_5;NL11_LoosdrechtsePlas1tm5;Macrofauna;Macrofauna-kwaliteit;;;0.52;KRW_2027;
NL11_5_5;NL11_LoosdrechtsePlas1tm5;Vis;Vis-kwaliteit;;;0.62;KRW_2027;
;NL11_3300-EAG-17;Ov. waterflora;Overige waterflora-kwaliteit;3300-EAG-17;0.055;0.707234022;actuele toestand 2020 + gemiddelde 90p-50p tussen 2006 en 2019;
;NL11_3300-EAG-18;Ov. waterflora;Overige waterflora-kwaliteit;3300-EAG-18;;0.633355556;actuele toestand 2020 + gemiddelde 90p-50p tussen 2006 en 2019;
NL11_5_6;NL11_Kievitsbuurt;Fytoplankton;Fytoplankton-kwaliteit;;;0.49;KRW_2027;
NL11_5_6;NL11_Kievitsbuurt;Macrofauna;Macrofauna-kwaliteit;;;0.54;KRW_2027;
NL11_5_6;NL11_Kievitsbuurt;Vis;Vis-kwaliteit;;;0.75;KRW_2027;
NL11_5_6;NL11_Kievitsbuurt;Ov. waterflora;Overige waterflora-kwaliteit;;;0.42;KRW_2027;
NL11_5_7;NL11_BreukeleveenschePlas;Fytoplankton;Fytoplankton-kwaliteit;;;0.54;KRW_2027;
NL11_5_7;NL11_BreukeleveenschePlas;Macrofauna;Macrofauna-kwaliteit;;;0.5;KRW_2027;
NL11_5_7;NL11_BreukeleveenschePlas;Vis;Vis-kwaliteit;;;0.47;KRW_2027;
NL11_5_7;NL11_BreukeleveenschePlas;Ov. waterflora;Overige waterflora-kwaliteit;;;0.41;KRW_2027;
NL11_5_8;NL11_TienhovensePlassen;Fytoplankton;Fytoplankton-kwaliteit;;;0.74;KRW_2027;
NL11_5_8;NL11_TienhovensePlassen;Macrofauna;Macrofauna-kwaliteit;;;0.66;KRW_2027;
NL11_5_8;NL11_TienhovensePlassen;Vis;Vis-kwaliteit;;;0.8;KRW_2027;
NL11_5_8;NL11_TienhovensePlassen;Ov. waterflora;Overige waterflora-kwaliteit;;;0.55;KRW_2027;
NL11_5_9;NL11_Vuntus;Fytoplankton;Fytoplankton-kwaliteit;;;0.58;KRW_2027;
NL11_5_9;NL11_Vuntus;Macrofauna;Macrofauna-kwaliteit;;;0.64;KRW_2027;
NL11_5_9;NL11_Vuntus;Vis;Vis-kwaliteit;;;0.53;KRW_2027;
NL11_5_9;NL11_Vuntus;Ov. waterflora;Overige waterflora-kwaliteit;;;0.43;KRW_2027;
NL11_6_1;NL11_Sterenzodden;Fytoplankton;Fytoplankton-kwaliteit;;;0.38;KRW_2027;
NL11_6_1;NL11_Sterenzodden;Macrofauna;Macrofauna-kwaliteit;;;0.64;KRW_2027;
NL11_6_1;NL11_Sterenzodden;Vis;Vis-kwaliteit;;;0.69;KRW_2027;
NL11_6_1;NL11_Sterenzodden;Ov. waterflora;Overige waterflora-kwaliteit;;;0.49;KRW_2027;
;NL11_3301-EAG-1;Ov. waterflora;Overige waterflora-kwaliteit;3301-EAG-1;0.08;0.496652937;actuele toestand 2020 + gemiddelde 90p-50p tussen 2006 en 2019;
;NL11_3301-EAG-2;Ov. waterflora;Overige waterflora-kwaliteit;3301-EAG-2;0.0525;0.52975;referentietoestand;
NL11_6_10;NL11_MaarsseveenseZoddenenomgeving;Fytoplankton;Fytoplankton-kwaliteit;;;0.61;KRW_2027;
NL11_6_10;NL11_MaarsseveenseZoddenenomgeving;Macrofauna;Macrofauna-kwaliteit;;;0.65;KRW_2027;
NL11_6_10;NL11_MaarsseveenseZoddenenomgeving;Vis;Vis-kwaliteit;;;0.77;KRW_2027;
NL11_6_10;NL11_MaarsseveenseZoddenenomgeving;Ov. waterflora;Overige waterflora-kwaliteit;;;0.44;KRW_2027;
;NL11_3303-EAG-1;Ov. waterflora;Overige waterflora-kwaliteit;3303-EAG-1;;0.363025;actuele toestand 2020 + gemiddelde 90p-50p tussen 2006 en 2019;
;NL11_3304-EAG-1;Ov. waterflora;Overige waterflora-kwaliteit;3304-EAG-1;;;;
;NL11_3310-EAG-1;Ov. waterflora;Overige waterflora-kwaliteit;3310-EAG-1;;0.246;referentietoestand;
NL11_6_11;NL11_MolenpolderenWestbroek;Fytoplankton;Fytoplankton-kwaliteit;;;0.8;KRW_2027;
NL11_6_11;NL11_MolenpolderenWestbroek;Macrofauna;Macrofauna-kwaliteit;;;0.6;KRW_2027;
NL11_6_11;NL11_MolenpolderenWestbroek;Vis;Vis-kwaliteit;;;0.8;KRW_2027;
NL11_6_11;NL11_MolenpolderenWestbroek;Ov. waterflora;Overige waterflora-kwaliteit;;;0.45;KRW_2027;
;NL11_3311-EAG-1;Ov. waterflora;Overige waterflora-kwaliteit;3311-EAG-1;0.215;0.442703623;actuele toestand 2020 + gemiddelde 90p-50p tussen 2006 en 2019;
;NL11_3311-EAG-10;Ov. waterflora;Overige waterflora-kwaliteit;3311-EAG-10;0.215;0.057;actuele toestand 2020;
;NL11_3311-EAG-2;Ov. waterflora;Overige waterflora-kwaliteit;3311-EAG-2;0.215;0.417;referentietoestand;
;NL11_3311-EAG-3;Ov. waterflora;Overige waterflora-kwaliteit;3311-EAG-3;0.215;0.279744444;actuele toestand 2020;
;NL11_3311-EAG-5;Ov. waterflora;Overige waterflora-kwaliteit;3311-EAG-5;0.215;0.3635;referentietoestand;
;NL11_3311-EAG-6;Ov. waterflora;Overige waterflora-kwaliteit;3311-EAG-6;0.215;0.163;referentietoestand;
;NL11_3311-EAG-7;Ov. waterflora;Overige waterflora-kwaliteit;3311-EAG-7;0.215;0.454714286;referentietoestand;
;NL11_3311-EAG-8;Ov. waterflora;Overige waterflora-kwaliteit;3311-EAG-8;0.215;0.2885;actuele toestand 2020;
;NL11_3311-EAG-9;Ov. waterflora;Overige waterflora-kwaliteit;3311-EAG-9;0.215;0.415;referentietoestand;
NL11_6_2;NL11_HollandsAnkeveen;Fytoplankton;Fytoplankton-kwaliteit;;;0.8;KRW_2027;
NL11_6_2;NL11_HollandsAnkeveen;Macrofauna;Macrofauna-kwaliteit;;;0.57;KRW_2027;
NL11_6_2;NL11_HollandsAnkeveen;Vis;Vis-kwaliteit;;;0.8;KRW_2027;
NL11_6_2;NL11_HollandsAnkeveen;Ov. waterflora;Overige waterflora-kwaliteit;;;0.76;KRW_2027;
;NL11_3320-EAG-3;Ov. waterflora;Overige waterflora-kwaliteit;3320-EAG-3;0.065;0.548044444;actuele toestand 2020 + gemiddelde 90p-50p tussen 2006 en 2019;
NL11_6_3;NL11_StichtsAnkeveen;Fytoplankton;Fytoplankton-kwaliteit;;;0.68;KRW_2027;
NL11_6_3;NL11_StichtsAnkeveen;Macrofauna;Macrofauna-kwaliteit;;;0.62;KRW_2027;
NL11_6_3;NL11_StichtsAnkeveen;Vis;Vis-kwaliteit;;;0.68;KRW_2027;
NL11_6_3;NL11_StichtsAnkeveen;Ov. waterflora;Overige waterflora-kwaliteit;;;0.61;KRW_2027;
;NL11_3340-EAG-1;Ov. waterflora;Overige waterflora-kwaliteit;3340-EAG-1;0.06;0.522583333;referentietoestand;
;NL11_3340-EAG-2;Ov. waterflora;Overige waterflora-kwaliteit;3340-EAG-2;0.15;0.499236111;referentietoestand;
;NL11_3340-EAG-3;Ov. waterflora;Overige waterflora-kwaliteit;3340-EAG-3;0.11;0.554375;referentietoestand;
;NL11_3350-EAG-1;Ov. waterflora;Overige waterflora-kwaliteit;3350-EAG-1;0.08;0.534286078;actuele toestand 2020 + gemiddelde 90p-50p tussen 2006 en 2019;
;NL11_3350-EAG-2;Ov. waterflora;Overige waterflora-kwaliteit;3350-EAG-2;0.08;0.471281481;actuele toestand 2020 + gemiddelde 90p-50p tussen 2006 en 2019;
;NL11_3360-EAG-1;Ov. waterflora;Overige waterflora-kwaliteit;3360-EAG-1;;0.500761364;referentietoestand;
NL11_6_6;NL11_HetHol;Fytoplankton;Fytoplankton-kwaliteit;;;0.8;KRW_2027;
NL11_6_6;NL11_HetHol;Macrofauna;Macrofauna-kwaliteit;;;0.62;KRW_2027;
NL11_6_6;NL11_HetHol;Vis;Vis-kwaliteit;;;0.8;KRW_2027;
NL11_6_6;NL11_HetHol;Ov. waterflora;Overige waterflora-kwaliteit;;;0.4;KRW_2027;
NL11_6_7;NL11_WijdeGat;Fytoplankton;Fytoplankton-kwaliteit;;;0.55;KRW_2027;
NL11_6_7;NL11_WijdeGat;Macrofauna;Macrofauna-kwaliteit;;;0.52;KRW_2027;
NL11_6_7;NL11_WijdeGat;Vis;Vis-kwaliteit;;;0.57;KRW_2027;
NL11_6_7;NL11_WijdeGat;Ov. waterflora;Overige waterflora-kwaliteit;;;0.43;KRW_2027;
;NL11_3360-EAG-12;Ov. waterflora;Overige waterflora-kwaliteit;3360-EAG-12;;0.5465;referentietoestand;
;NL11_3360-EAG-15;Ov. waterflora;Overige waterflora-kwaliteit;3360-EAG-15;;0.619850694;referentietoestand;
NL11_6_8;NL11_HilversumsKanaal;Fytoplankton;Fytoplankton-kwaliteit;;;0.48;KRW_2027;
NL11_6_8;NL11_HilversumsKanaal;Macrofauna;Macrofauna-kwaliteit;;;0.54;KRW_2027;
NL11_6_8;NL11_HilversumsKanaal;Vis;Vis-kwaliteit;;;0.44;KRW_2027;
NL11_6_8;NL11_HilversumsKanaal;Ov. waterflora;Overige waterflora-kwaliteit;;;0.26;KRW_2027;
;NL11_3360-EAG-18;Ov. waterflora;Overige waterflora-kwaliteit;3360-EAG-18;;0.625391667;referentietoestand;
NL11_6_9;NL11_OostelijkeBinnenpolder;Fytoplankton;Fytoplankton-kwaliteit;;;0.8;KRW_2027;
NL11_6_9;NL11_OostelijkeBinnenpolder;Macrofauna;Macrofauna-kwaliteit;;;0.68;KRW_2027;
NL11_6_9;NL11_OostelijkeBinnenpolder;Vis;Vis-kwaliteit;;;0.73;KRW_2027;
NL11_6_9;NL11_OostelijkeBinnenpolder;Ov. waterflora;Overige waterflora-kwaliteit;;;0.58;KRW_2027;
;NL11_3360-EAG-2;Ov. waterflora;Overige waterflora-kwaliteit;3360-EAG-2;;0.369566667;referentietoestand;
;NL11_3360-EAG-3;Ov. waterflora;Overige waterflora-kwaliteit;3360-EAG-3;;0.473068519;actuele toestand 2020 + gemiddelde 90p-50p tussen 2006 en 2019;
;NL11_3360-EAG-4;Ov. waterflora;Overige waterflora-kwaliteit;3360-EAG-4;;0.564774444;actuele toestand 2020 + gemiddelde 90p-50p tussen 2006 en 2019;
;NL11_3360-EAG-4;Fytoplankton;Abundantie fytoplankton;3360-EAG-4;;0.564774444;actuele toestand 2020 + gemiddelde 90p-50p tussen 2006 en 2019;
;NL11_3360-EAG-5;Ov. waterflora;Overige waterflora-kwaliteit;3360-EAG-5;;0.450833333;actuele toestand 2020 + gemiddelde 90p-50p tussen 2006 en 2019;
;NL11_3360-EAG-6;Ov. waterflora;Overige waterflora-kwaliteit;3360-EAG-6;;0.369;actuele toestand 2020 + gemiddelde 90p-50p tussen 2006 en 2019 + 0.05 ekr bonus;
;NL11_3360-EAG-7;Ov. waterflora;Overige waterflora-kwaliteit;3360-EAG-7;;0.376733333;actuele toestand 2020 + gemiddelde 90p-50p tussen 2006 en 2019 + 0.05 ekr bonus;
;NL11_3360-EAG-8;Ov. waterflora;Overige waterflora-kwaliteit;3360-EAG-8;;0.638;referentietoestand;
;NL11_3360-EAG-9;Ov. waterflora;Overige waterflora-kwaliteit;3360-EAG-9;;0.125958333;actuele toestand 2020 + gemiddelde 90p-50p tussen 2006 en 2019;
;NL11_3360-EAG-9;Fytoplankton;Abundantie fytoplankton;3360-EAG-9;;0.125958333;actuele toestand 2020 + gemiddelde 90p-50p tussen 2006 en 2019;
;NL11_3370-EAG-1;Ov. waterflora;Overige waterflora-kwaliteit;3370-EAG-1;0.115;0.662445294;actuele toestand 2020 + gemiddelde 90p-50p tussen 2006 en 2019;
;NL11_3370-EAG-2;Ov. waterflora;Overige waterflora-kwaliteit;3370-EAG-2;0.005;0.63878;actuele toestand 2020 + gemiddelde 90p-50p tussen 2006 en 2019;
;NL11_3370-EAG-3;Ov. waterflora;Overige waterflora-kwaliteit;3370-EAG-3;0.0775;0.69971183;referentietoestand;
;NL11_3370-EAG-4;Ov. waterflora;Overige waterflora-kwaliteit;3370-EAG-4;0.0775;0.692597222;referentietoestand;
;NL11_3370-EAG-5;Ov. waterflora;Overige waterflora-kwaliteit;3370-EAG-5;;0.759588889;actuele toestand 2020 + gemiddelde 90p-50p tussen 2006 en 2019;
;NL11_4000-EAG-2;Ov. waterflora;Overige waterflora-kwaliteit;4000-EAG-2;;0.5065;actuele toestand 2020 + gemiddelde 90p-50p tussen 2006 en 2019;
;NL11_4100-EAG-1;Ov. waterflora;Overige waterflora-kwaliteit;4100-EAG-1;0.19;0.597654167;actuele toestand 2020 + gemiddelde 90p-50p tussen 2006 en 2019;
;NL11_4100-EAG-2;Ov. waterflora;Overige waterflora-kwaliteit;4100-EAG-2;0.19;0.478066667;actuele toestand 2020 + gemiddelde 90p-50p tussen 2006 en 2019;
;NL11_4110-EAG-1;Ov. waterflora;Overige waterflora-kwaliteit;4110-EAG-1;0.15;0.553347619;;
;NL11_4110-EAG-2;Ov. waterflora;Overige waterflora-kwaliteit;4110-EAG-2;0.15;0.620366667;;
;NL11_4120-EAG-1;Ov. waterflora;Overige waterflora-kwaliteit;4120-EAG-1;0;0.1932;;
;NL11_4120-EAG-2;Ov. waterflora;Overige waterflora-kwaliteit;4120-EAG-2;0;0.358;actuele toestand 2020 + 0.05;
;NL11_4130-EAG-1;Ov. waterflora;Overige waterflora-kwaliteit;4130-EAG-1;0.1;0.607294749;actuele toestand 2020 + gemiddelde 90p-50p tussen 2006 en 2019;
;NL11_4140-EAG-1;Ov. waterflora;Overige waterflora-kwaliteit;4140-EAG-1;0.17;0.602033333;actuele toestand 2020 + gemiddelde 90p-50p tussen 2006 en 2019;
;NL11_4140-EAG-2;Ov. waterflora;Overige waterflora-kwaliteit;4140-EAG-2;0.17;;;
;NL11_4140-EAG-3;Ov. waterflora;Overige waterflora-kwaliteit;4140-EAG-3;0.17;0.609866667;actuele toestand 2020;
;NL11_4140-EAG-4;Ov. waterflora;Overige waterflora-kwaliteit;4140-EAG-4;0.17;0.650166667;actuele toestand 2020;
;NL11_4140-EAG-5;Ov. waterflora;Overige waterflora-kwaliteit;4140-EAG-5;0.17;0.222833333;actuele toestand 2020;
;NL11_4200-EAG-1;Ov. waterflora;Overige waterflora-kwaliteit;4200-EAG-1;0.11;0.568316667;actuele toestand 2020 + gemiddelde 90p-50p tussen 2006 en 2019;
;NL11_4200-EAG-2;Ov. waterflora;Overige waterflora-kwaliteit;4200-EAG-2;0.11;0.73107381;actuele toestand 2020 + gemiddelde 90p-50p tussen 2006 en 2019;
;NL11_4200-EAG-3;Ov. waterflora;Overige waterflora-kwaliteit;4200-EAG-3;0.11;0.580119444;actuele toestand 2020 + gemiddelde 90p-50p tussen 2006 en 2019;
NL11_7_1;NL11_Botshol;Fytoplankton;Fytoplankton-kwaliteit;;;0.8;KRW_2027;
NL11_7_1;NL11_Botshol;Macrofauna;Macrofauna-kwaliteit;;;0.54;KRW_2027;
NL11_7_1;NL11_Botshol;Vis;Vis-kwaliteit;;;0.62;KRW_2027;
NL11_7_1;NL11_Botshol;Ov. waterflora;Overige waterflora-kwaliteit;;;0.68;KRW_2027;
;NL11_4210-EAG-4;Ov. waterflora;Overige waterflora-kwaliteit;4210-EAG-4;0.0525;0.7;WGP_NVP-noord;
;NL11_4210-EAG-6;Ov. waterflora;Overige waterflora-kwaliteit;4210-EAG-6;;0.517;referentietoestand;
;NL11_4230-EAG-1;Ov. waterflora;Overige waterflora-kwaliteit;4230-EAG-1;0.16;0.686999609;actuele toestand 2020 + gemiddelde 90p-50p tussen 2006 en 2019;
;NL11_4240-EAG-1;Ov. waterflora;Overige waterflora-kwaliteit;4240-EAG-1;;0.615216667;actuele toestand 2020 + gemiddelde 90p-50p tussen 2006 en 2019;
;NL11_4250-EAG-1;Ov. waterflora;Overige waterflora-kwaliteit;4250-EAG-1;0;0.330793981;referentietoestand;
NL11_7_2;NL11_NoorderIJplas;Fytoplankton;Fytoplankton-kwaliteit;;;0.55;KRW_2027;
NL11_7_2;NL11_NoorderIJplas;Macrofauna;Macrofauna-kwaliteit;;;0.53;KRW_2027;
NL11_7_2;NL11_NoorderIJplas;Vis;Vis-kwaliteit;;;0.54;KRW_2027;
NL11_7_2;NL11_NoorderIJplas;Ov. waterflora;Overige waterflora-kwaliteit;;;0.52;KRW_2027;
;NL11_5000-EAG-2;Ov. waterflora;Overige waterflora-kwaliteit;5000-EAG-2;;0.610163333;actuele toestand 2020 + gemiddelde 90p-50p tussen 2006 en 2019;
;NL11_5000-EAG-3;Ov. waterflora;Overige waterflora-kwaliteit;5000-EAG-3;;;;
;NL11_5000-EAG-4;Ov. waterflora;Overige waterflora-kwaliteit;5000-EAG-4;;0.123;actuele toestand 2020 + 0.05;
;NL11_5000-EAG-5;Ov. waterflora;Overige waterflora-kwaliteit;5000-EAG-5;;0.05;actuele toestand 2020 + 0.05;
;NL11_5000-EAG-6;Ov. waterflora;Overige waterflora-kwaliteit;5000-EAG-6;;0.2575;actuele toestand 2020 + 0.05;
;NL11_5000-EAG-7;Ov. waterflora;Overige waterflora-kwaliteit;5000-EAG-7;;0.52955;;
;NL11_5000-EAG-8;Ov. waterflora;Overige waterflora-kwaliteit;5000-EAG-8;;0.35935;actuele toestand 2020 + gemiddelde 90p-50p tussen 2006 en 2019;
;NL11_6000-EAG-10;Ov. waterflora;Overige waterflora-kwaliteit;6000-EAG-10;;0.05;actuele toestand 2020 + 0.05;
;NL11_6000-EAG-2;Ov. waterflora;Overige waterflora-kwaliteit;6000-EAG-2;;;;
;NL11_6000-EAG-3;Ov. waterflora;Overige waterflora-kwaliteit;6000-EAG-3;;;;
;NL11_6000-EAG-4;Ov. waterflora;Overige waterflora-kwaliteit;6000-EAG-4;;;;
;NL11_6000-EAG-5;Ov. waterflora;Overige waterflora-kwaliteit;6000-EAG-5;;;;
;NL11_6000-EAG-6;Ov. waterflora;Overige waterflora-kwaliteit;6000-EAG-6;;;;
;NL11_6000-EAG-7;Ov. waterflora;Overige waterflora-kwaliteit;6000-EAG-7;;;;
;NL11_6000-EAG-8;Ov. waterflora;Overige waterflora-kwaliteit;6000-EAG-8;;;;
;NL11_6000-EAG-9;Ov. waterflora;Overige waterflora-kwaliteit;6000-EAG-9;;0.379625;actuele toestand 2020 + gemiddelde 90p-50p tussen 2006 en 2019;
;NL11_6040-EAG-1;Ov. waterflora;Overige waterflora-kwaliteit;6040-EAG-1;;0.21765;actuele toestand 2020 + gemiddelde 90p-50p tussen 2006 en 2019;
;NL11_6050-EAG-1;Ov. waterflora;Overige waterflora-kwaliteit;6050-EAG-1;;0.50945;;
;NL11_6060-EAG-1;Ov. waterflora;Overige waterflora-kwaliteit;6060-EAG-1;;0.132433333;actuele toestand 2020 + gemiddelde 90p-50p tussen 2006 en 2019;
;NL11_6080-EAG-1;Ov. waterflora;Overige waterflora-kwaliteit;6080-EAG-1;;0.144;referentietoestand;
NL11_8_1;NL11_Tussenboezema;Ov. waterflora;Overige waterflora-kwaliteit;;;0.53;KRW_2027;
NL11_8_1;NL11_Tussenboezema;Fytoplankton;Fytoplankton-kwaliteit;;;0.57;KRW_2027;
NL11_8_1;NL11_Tussenboezema;Macrofauna;Macrofauna-kwaliteit;;;0.52;KRW_2027;
NL11_8_1;NL11_Tussenboezema;Vis;Vis-kwaliteit;;;0.59;KRW_2027;
;NL11_6110-EAG-1;Ov. waterflora;Overige waterflora-kwaliteit;6110-EAG-1;;0.238116667;actuele toestand 2020 + gemiddelde 90p-50p tussen 2006 en 2019;
;NL11_6400-EAG-1;Ov. waterflora;Overige waterflora-kwaliteit;6400-EAG-1;;0.211311111;actuele toestand 2020 + gemiddelde 90p-50p tussen 2006 en 2019;
;NL11_6400-EAG-2;Ov. waterflora;Overige waterflora-kwaliteit;6400-EAG-2;;0.268766667;actuele toestand 2020 + gemiddelde 90p-50p tussen 2006 en 2019 + 0.05 ekr bonus;
;NL11_6420-EAG-1;Ov. waterflora;Overige waterflora-kwaliteit;6420-EAG-1;;0.233666667;actuele toestand 2020 + gemiddelde 90p-50p tussen 2006 en 2019;
;NL11_6430-EAG-1;Ov. waterflora;Overige waterflora-kwaliteit;6430-EAG-1;0.065;0.619024137;actuele toestand 2020 + gemiddelde 90p-50p tussen 2006 en 2019;
;NL11_6440-EAG-1;Ov. waterflora;Overige waterflora-kwaliteit;6440-EAG-1;;0.535245238;actuele toestand 2020 + gemiddelde 90p-50p tussen 2006 en 2019;
;NL11_6440-EAG-2;Ov. waterflora;Overige waterflora-kwaliteit;6440-EAG-2;;0.5797;actuele toestand 2020 + gemiddelde 90p-50p tussen 2006 en 2019 + 0.05 ekr bonus;
;NL11_6440-EAG-3;Ov. waterflora;Overige waterflora-kwaliteit;6440-EAG-3;;0.27595;actuele toestand 2020 + gemiddelde 90p-50p tussen 2006 en 2019;
;NL11_6440-EAG-4;Ov. waterflora;Overige waterflora-kwaliteit;6440-EAG-4;;0.2375;actuele toestand 2020 + 0.05;
;NL11_6440-EAG-5;Ov. waterflora;Overige waterflora-kwaliteit;6440-EAG-5;;;;
;NL11_6450-EAG-1;Ov. waterflora;Overige waterflora-kwaliteit;6450-EAG-1;0.17;0.613096795;actuele toestand 2020 + gemiddelde 90p-50p tussen 2006 en 2019;
;NL11_6450-EAG-2;Ov. waterflora;Overige waterflora-kwaliteit;6450-EAG-2;0.17;0.4915;actuele toestand 2020 + 0.05;
;NL11_6450-EAG-3;Ov. waterflora;Overige waterflora-kwaliteit;6450-EAG-3;0.17;0.4572;;
;NL11_6460-EAG-1;Ov. waterflora;Overige waterflora-kwaliteit;6460-EAG-1;0;0.65;WGP-HSVO;
;NL11_6460-EAG-2;Ov. waterflora;Overige waterflora-kwaliteit;6460-EAG-2;0;0.280722222;;
;NL11_6480-EAG-1;Ov. waterflora;Overige waterflora-kwaliteit;6480-EAG-1;0.2;0.639947287;actuele toestand 2020 + gemiddelde 90p-50p tussen 2006 en 2019;
;NL11_6480-EAG-2;Ov. waterflora;Overige waterflora-kwaliteit;6480-EAG-2;0.2;0.486422222;actuele toestand 2020 + gemiddelde 90p-50p tussen 2006 en 2019;
;NL11_6480-EAG-3;Ov. waterflora;Overige waterflora-kwaliteit;6480-EAG-3;0.2;0.598520202;actuele toestand 2020 + gemiddelde 90p-50p tussen 2006 en 2019;
;NL11_6490-EAG-1;Ov. waterflora;Overige waterflora-kwaliteit;6490-EAG-1;;0.34135;;
;NL11_6500-EAG-1;Ov. waterflora;Overige waterflora-kwaliteit;6500-EAG-1;;0.5521;;
;NL11_6510-EAG-1;Ov. waterflora;Overige waterflora-kwaliteit;6510-EAG-1;;;;
;NL11_6530-EAG-1;Ov. waterflora;Overige waterflora-kwaliteit;6530-EAG-1;;0.58335;actuele toestand 2020 + gemiddelde 90p-50p tussen 2006 en 2019;
;NL11_6530-EAG-2;Ov. waterflora;Overige waterflora-kwaliteit;6530-EAG-2;;0.6405;referentietoestand;
;NL11_6540-EAG-1;Ov. waterflora;Overige waterflora-kwaliteit;6540-EAG-1;0.155;0.621493504;actuele toestand 2020 + gemiddelde 90p-50p tussen 2006 en 2019;
;NL11_6540-EAG-2;Ov. waterflora;Overige waterflora-kwaliteit;6540-EAG-2;0.155;0.658064646;actuele toestand 2020 + gemiddelde 90p-50p tussen 2006 en 2019;
;NL11_6540-EAG-3;Ov. waterflora;Overige waterflora-kwaliteit;6540-EAG-3;0.155;0.444557143;actuele toestand 2020 + gemiddelde 90p-50p tussen 2006 en 2019;
;NL11_6550-EAG-1;Ov. waterflora;Overige waterflora-kwaliteit;6550-EAG-1;0.04;0.515592536;actuele toestand 2020 + gemiddelde 90p-50p tussen 2006 en 2019;
;NL11_6550-EAG-2;Ov. waterflora;Overige waterflora-kwaliteit;6550-EAG-2;0.04;0.408466667;actuele toestand 2020 + gemiddelde 90p-50p tussen 2006 en 2019;
;NL11_6550-EAG-3;Ov. waterflora;Overige waterflora-kwaliteit;6550-EAG-3;0.04;0.419933333;actuele toestand 2020 + gemiddelde 90p-50p tussen 2006 en 2019;
;NL11_6560-EAG-1;Ov. waterflora;Overige waterflora-kwaliteit;6560-EAG-1;;;;
;NL11_6570-EAG-1;Ov. waterflora;Overige waterflora-kwaliteit;6570-EAG-1;;0.628;referentietoestand;
;NL11_6580-EAG-1;Ov. waterflora;Overige waterflora-kwaliteit;6580-EAG-1;;;;
;NL11_6590-EAG-1;Ov. waterflora;Overige waterflora-kwaliteit;6590-EAG-1;;0.2205;referentietoestand;
;NL11_7000-EAG-1;Ov. waterflora;Overige waterflora-kwaliteit;7000-EAG-1;;0.184;actuele toestand 2020 + 0.05;
;NL11_7000-EAG-2;Ov. waterflora;Overige waterflora-kwaliteit;7000-EAG-2;;;;
;NL11_7000-EAG-3;Ov. waterflora;Overige waterflora-kwaliteit;7000-EAG-3;;;;
;NL11_7000-EAG-4;Ov. waterflora;Overige waterflora-kwaliteit;7000-EAG-4;;;;
;NL11_7010-EAG-1;Ov. waterflora;Overige waterflora-kwaliteit;7010-EAG-1;0.075;0.533871474;actuele toestand 2020 + gemiddelde 90p-50p tussen 2006 en 2019;
;NL11_7010-EAG-2;Ov. waterflora;Overige waterflora-kwaliteit;7010-EAG-2;0.075;0.5005;referentietoestand;
;NL11_7020-EAG-1;Ov. waterflora;Overige waterflora-kwaliteit;7020-EAG-1;;0.621311111;actuele toestand 2020 + gemiddelde 90p-50p tussen 2006 en 2019;
;NL11_7020-EAG-2;Ov. waterflora;Overige waterflora-kwaliteit;7020-EAG-2;;0.621311111;zelfde als EAG 1;
;NL11_7030-EAG-1;Ov. waterflora;Overige waterflora-kwaliteit;7030-EAG-1;;0.3788;actuele toestand 2020 + gemiddelde 90p-50p tussen 2006 en 2019;
;NL11_7040-EAG-1;Ov. waterflora;Overige waterflora-kwaliteit;7040-EAG-1;;0.37325;referentietoestand;
;NL11_7050-EAG-1;Ov. waterflora;Overige waterflora-kwaliteit;7050-EAG-1;;0.238172222;actuele toestand 2020 + gemiddelde 90p-50p tussen 2006 en 2019;
;NL11_7060-EAG-1;Ov. waterflora;Overige waterflora-kwaliteit;7060-EAG-1;;0.286066667;actuele toestand 2020 + gemiddelde 90p-50p tussen 2006 en 2019;
;NL11_7080-EAG-1;Ov. waterflora;Overige waterflora-kwaliteit;7080-EAG-1;;;;
;NL11_7090-EAG-1;Ov. waterflora;Overige waterflora-kwaliteit;7090-EAG-1;;;;
;NL11_7100-EAG-1;Ov. waterflora;Overige waterflora-kwaliteit;7100-EAG-1;;0.56655;actuele toestand 2020 + gemiddelde 90p-50p tussen 2006 en 2019;
;NL11_7100-EAG-2;Ov. waterflora;Overige waterflora-kwaliteit;7100-EAG-2;;0.521244444;actuele toestand 2020 + gemiddelde 90p-50p tussen 2006 en 2019;
;NL11_7110-EAG-1;Ov. waterflora;Overige waterflora-kwaliteit;7110-EAG-1;;;;
;NL11_8000-EAG-1;Ov. waterflora;Overige waterflora-kwaliteit;8000-EAG-1;;0.5675;actuele toestand 2020 + gemiddelde 90p-50p tussen 2006 en 2019;
;NL11_8000-EAG-2;Ov. waterflora;Overige waterflora-kwaliteit;8000-EAG-2;;;;
;NL11_8010-EAG-1;Ov. waterflora;Overige waterflora-kwaliteit;8010-EAG-1;0.045;0.294033333;actuele toestand 2020 + gemiddelde 90p-50p tussen 2006 en 2019;
;NL11_8010-EAG-2;Ov. waterflora;Overige waterflora-kwaliteit;8010-EAG-2;0.045;0.447;referentietoestand;
;NL11_8020-EAG-1;Ov. waterflora;Overige waterflora-kwaliteit;8020-EAG-1;0.05;0.191444444;actuele toestand 2020 + gemiddelde 90p-50p tussen 2006 en 2019;
;NL11_8020-EAG-2;Ov. waterflora;Overige waterflora-kwaliteit;8020-EAG-2;0.05;0.2092;actuele toestand 2020 + gemiddelde 90p-50p tussen 2006 en 2019;
;NL11_8030-EAG-1;Ov. waterflora;Overige waterflora-kwaliteit;8030-EAG-1;0.18;0.270511111;actuele toestand 2020 + gemiddelde 90p-50p tussen 2006 en 2019;
;NL11_8030-EAG-2;Ov. waterflora;Overige waterflora-kwaliteit;8030-EAG-2;0.18;0.298877778;actuele toestand 2020 + gemiddelde 90p-50p tussen 2006 en 2019;
;NL11_8030-EAG-3;Ov. waterflora;Overige waterflora-kwaliteit;8030-EAG-3;0.18;0.163;referentietoestand;
;NL11_8030-EAG-4;Ov. waterflora;Overige waterflora-kwaliteit;8030-EAG-4;0.18;0.227022222;actuele toestand 2020 + gemiddelde 90p-50p tussen 2006 en 2019;
;NL11_8030-EAG-5;Ov. waterflora;Overige waterflora-kwaliteit;8030-EAG-5;0.18;0.230472222;actuele toestand 2020 + gemiddelde 90p-50p tussen 2006 en 2019;
;NL11_8030-EAG-6;Ov. waterflora;Overige waterflora-kwaliteit;8030-EAG-6;0.18;0.342333333;actuele toestand 2020 + 0.05;
;NL11_8040-EAG-1;Ov. waterflora;Overige waterflora-kwaliteit;8040-EAG-1;0;0.252677778;actuele toestand 2020 + gemiddelde 90p-50p tussen 2006 en 2019;
;NL11_8040-EAG-2;Ov. waterflora;Overige waterflora-kwaliteit;8040-EAG-2;0;0.365;referentietoestand;
;NL11_8050-EAG-1;Ov. waterflora;Overige waterflora-kwaliteit;8050-EAG-1;0.12;0.260166667;actuele toestand 2020 + gemiddelde 90p-50p tussen 2006 en 2019;
;NL11_8050-EAG-2;Ov. waterflora;Overige waterflora-kwaliteit;8050-EAG-2;0.12;0.41390754;actuele toestand 2020 + gemiddelde 90p-50p tussen 2006 en 2019;
;NL11_8050-EAG-3;Ov. waterflora;Overige waterflora-kwaliteit;8050-EAG-3;0.12;0.3582;actuele toestand 2020 + gemiddelde 90p-50p tussen 2006 en 2019;
;NL11_8060-EAG-1;Ov. waterflora;Overige waterflora-kwaliteit;8060-EAG-1;0.05;0.432211111;actuele toestand 2020 + gemiddelde 90p-50p tussen 2006 en 2019;
NL11_8_3;NL11_MijdrechtseBovenlanden;Ov. waterflora;Overige waterflora-kwaliteit;;;0.29;KRW_2027;
NL11_8_3;NL11_MijdrechtseBovenlanden;Fytoplankton;Fytoplankton-kwaliteit;;;0.34;KRW_2027;
NL11_8_3;NL11_MijdrechtseBovenlanden;Macrofauna;Macrofauna-kwaliteit;;;0.21;KRW_2027;
NL11_8_3;NL11_MijdrechtseBovenlanden;Vis;Vis-kwaliteit;;;0.38;KRW_2027;
;NL11_8070-EAG-2;Ov. waterflora;Overige waterflora-kwaliteit;8070-EAG-2;0.03;0.538628056;actuele toestand 2020 + gemiddelde 90p-50p tussen 2006 en 2019;
;NL11_8070-EAG-3;Ov. waterflora;Overige waterflora-kwaliteit;8070-EAG-3;;0.324066667;actuele toestand 2020 + gemiddelde 90p-50p tussen 2006 en 2019;
;NL11_8080-EAG-1;Ov. waterflora;Overige waterflora-kwaliteit;8080-EAG-1;0.07;0.4225;referentietoestand;
;NL11_8080-EAG-2;Ov. waterflora;Overige waterflora-kwaliteit;8080-EAG-2;0.07;0.349674074;actuele toestand 2020 + gemiddelde 90p-50p tussen 2006 en 2019;
;NL11_8090-EAG-1;Ov. waterflora;Overige waterflora-kwaliteit;8090-EAG-1;0.05;0.515;referentietoestand;
;NL11_8090-EAG-2;Ov. waterflora;Overige waterflora-kwaliteit;8090-EAG-2;0.05;0.338255556;actuele toestand 2020 + gemiddelde 90p-50p tussen 2006 en 2019;
;NL11_8110-EAG-1;Ov. waterflora;Overige waterflora-kwaliteit;8110-EAG-1;;0.064;actuele toestand 2020 + gemiddelde 90p-50p tussen 2006 en 2019 + 0.05 ekr bonus;
;NL11_9010-EAG-1;Ov. waterflora;Overige waterflora-kwaliteit;9010-EAG-1;;0.476;actuele toestand 2020 + gemiddelde 90p-50p tussen 2006 en 2019 + 0.05 ekr bonus;
;NL11_9020-EAG-1;Ov. waterflora;Overige waterflora-kwaliteit;9020-EAG-1;;0.05;actuele toestand 2020 + 0.05;
;NL11_9030-EAG-1;Ov. waterflora;Overige waterflora-kwaliteit;9030-EAG-1;;0.2825;actuele toestand 2020 + 0.05;
;NL11_9040-EAG-1;Ov. waterflora;Overige waterflora-kwaliteit;9040-EAG-1;;0.519;actuele toestand 2020 + 0.05;
;NL11_9801-EAG-1;Ov. waterflora;Overige waterflora-kwaliteit;9801-EAG-1;;0.304;actuele toestand 2020 + 0.05;
;NL11_9802-EAG-1;Ov. waterflora;Overige waterflora-kwaliteit;9802-EAG-1;;;;
;NL11_9901-EAG-1;Ov. waterflora;Overige waterflora-kwaliteit;9901-EAG-1;;;;
;NL11_9902-EAG-1;Ov. waterflora;Overige waterflora-kwaliteit;9902-EAG-1;;;;
;NL11_9903-EAG-2;Ov. waterflora;Overige waterflora-kwaliteit;9903-EAG-1;;;;
;NL11_9904-EAG-3;Ov. waterflora;Overige waterflora-kwaliteit;9904-EAG-1;;0.304;zelfde als 9801-EAG-1;
