"Identificatie";"Namespace";"Omschrijving";"GeometriePunt.X_RD";"GeometriePunt.Y_RD";"KRWwatertype.code";"LigtInGeoobject.identificatie";"HoortBijGeoobject.identificatie";"Wegingsfactor";"jaar"
"SIN105_MEA_2009";"NL11";"dummyMeetpuntVoorToetsing";120556;486266;"M6b";"nietNodig";"NL11_VaartenAmsterdam";0.716385784290654;"2009"
"ADM103_MEA_2012";"NL11";"dummyMeetpuntVoorToetsing";118433;484388;"M6b";"nietNodig";"NL11_VaartenAmsterdam";0.716385784290654;"2012"
"SIN104_MEA_2016";"NL11";"dummyMeetpuntVoorToetsing";120386;486463;"M6b";"nietNodig";"NL11_VaartenAmsterdam";0.358192892145327;"2016"
"ADM122_MEA_2016";"NL11";"dummyMeetpuntVoorToetsing";118606;485163;"M6b";"nietNodig";"NL11_VaartenAmsterdam";0.358192892145327;"2016"
"ADM012_MEA_2022";"NL11";"dummyMeetpuntVoorToetsing";118514;484707;"M6b";"nietNodig";"NL11_VaartenAmsterdam";0.358192892145327;"2022"
"SIN104_MEA_2022";"NL11";"dummyMeetpuntVoorToetsing";120386;486463;"M6b";"nietNodig";"NL11_VaartenAmsterdam";0.358192892145327;"2022"
"ADM100_MEA_2009";"NL11";"dummyMeetpuntVoorToetsing";117132;487844;"M6b";"nietNodig";"NL11_VaartenAmsterdam";0.13979557994722;"2009"
"ADM100_MEA_2012";"NL11";"dummyMeetpuntVoorToetsing";117132;487844;"M6b";"nietNodig";"NL11_VaartenAmsterdam";0.13979557994722;"2012"
"ADM100_MEA_2016";"NL11";"dummyMeetpuntVoorToetsing";117132;487844;"M6b";"nietNodig";"NL11_VaartenAmsterdam";0.13979557994722;"2016"
"ADM100_MEA_2022";"NL11";"dummyMeetpuntVoorToetsing";117132;487844;"M6b";"nietNodig";"NL11_VaartenAmsterdam";0.13979557994722;"2022"
"ADM022_MEA_2016";"NL11";"dummyMeetpuntVoorToetsing";122202.2063;487230.8989;"M6b";"nietNodig";"NL11_VaartenAmsterdam";0.0446252171333689;"2016"
"ADM022_MEA_2022";"NL11";"dummyMeetpuntVoorToetsing";122202.2063;487230.8989;"M6b";"nietNodig";"NL11_VaartenAmsterdam";0.0446252171333689;"2022"
"ADM102_MEA_2009";"NL11";"dummyMeetpuntVoorToetsing";125040.1323;486635.3156;"M6b";"nietNodig";"NL11_VaartenAmsterdam";0.0991934186287569;"2009"
"ADM102_MEA_2012";"NL11";"dummyMeetpuntVoorToetsing";125040.1323;486635.3156;"M6b";"nietNodig";"NL11_VaartenAmsterdam";0.0991934186287569;"2012"
"ADM102_MEA_2016";"NL11";"dummyMeetpuntVoorToetsing";125040.1323;486635.3156;"M6b";"nietNodig";"NL11_VaartenAmsterdam";0.0991934186287569;"2016"
"ADM102_MEA_2022";"NL11";"dummyMeetpuntVoorToetsing";125040.1323;486635.3156;"M6b";"nietNodig";"NL11_VaartenAmsterdam";0.0991934186287569;"2022"
"ZAK001_MEA_2006";"NL11";"dummyMeetpuntVoorToetsing";119596;484128;"M6b";"nietNodig";"NL11_Amstellandboezem";0.0593942960595903;"2006"
"RWM100_MEA_2006";"NL11";"dummyMeetpuntVoorToetsing";125300.2117;485655.1858;"M6b";"nietNodig";"NL11_Amstellandboezem";0.0593942960595903;"2006"
"SIN001_MEA_2006";"NL11";"dummyMeetpuntVoorToetsing";120584;486134;"M6b";"nietNodig";"NL11_Amstellandboezem";0.0593942960595903;"2006"
"ZAK001_MEA_2009";"NL11";"dummyMeetpuntVoorToetsing";119596;484128;"M6b";"nietNodig";"NL11_Amstellandboezem";0.0890914440893855;"2009"
"SIN001_MEA_2009";"NL11";"dummyMeetpuntVoorToetsing";120584;486134;"M6b";"nietNodig";"NL11_Amstellandboezem";0.0890914440893855;"2009"
"AMS103_MEA_2006";"NL11";"dummyMeetpuntVoorToetsing";121821;481584;"M6b";"nietNodig";"NL11_Amstellandboezem";0.158884341207323;"2006"
"WTV002_MEA_2009";"NL11";"dummyMeetpuntVoorToetsing";124856;483339;"M6b";"nietNodig";"NL11_Amstellandboezem";0.0529614470691076;"2009"
"ADM101_MEA_2009";"NL11";"dummyMeetpuntVoorToetsing";122762;483600;"M6b";"nietNodig";"NL11_Amstellandboezem";0.0529614470691076;"2009"
"AMS103_MEA_2009";"NL11";"dummyMeetpuntVoorToetsing";121821;481584;"M6b";"nietNodig";"NL11_Amstellandboezem";0.0529614470691076;"2009"
"AMS103_MEA_2012";"NL11";"dummyMeetpuntVoorToetsing";121821;481584;"M6b";"nietNodig";"NL11_Amstellandboezem";0.0794421706036614;"2012"
"ADM101_MEA_2012";"NL11";"dummyMeetpuntVoorToetsing";122762;483600;"M6b";"nietNodig";"NL11_Amstellandboezem";0.0794421706036614;"2012"
"DED101_MEA_2006";"NL11";"dummyMeetpuntVoorToetsing";127400;483300;"M6b";"nietNodig";"NL11_Amstellandboezem";0.103321895873541;"2006"
"DED100_MEA_2009";"NL11";"dummyMeetpuntVoorToetsing";127269.7775;483206.4884;"M6b";"nietNodig";"NL11_Amstellandboezem";0.103321895873541;"2009"
"GAA103_MEA_2012";"NL11";"dummyMeetpuntVoorToetsing";128054.5526;481848.1401;"M6b";"nietNodig";"NL11_Amstellandboezem";0.0516609479367703;"2012"
"DED100_MEA_2012";"NL11";"dummyMeetpuntVoorToetsing";127269.7775;483206.4884;"M6b";"nietNodig";"NL11_Amstellandboezem";0.0516609479367703;"2012"
"GEI101_MEA_2006";"NL11";"dummyMeetpuntVoorToetsing";128980;478450;"M6b";"nietNodig";"NL11_Amstellandboezem";0.0426831389709778;"2006"
"ANG100_MEA_2006";"NL11";"dummyMeetpuntVoorToetsing";128220;472061;"M6b";"nietNodig";"NL11_Amstellandboezem";0.0426831389709778;"2006"
"GEU100_MEA_2006";"NL11";"dummyMeetpuntVoorToetsing";126753.145;470356.855;"M6b";"nietNodig";"NL11_Amstellandboezem";0.0426831389709778;"2006"
"ANG100_MEA_2009";"NL11";"dummyMeetpuntVoorToetsing";128220;472061;"M6b";"nietNodig";"NL11_Amstellandboezem";0.0256098833825867;"2009"
"ANG102_MEA_2009";"NL11";"dummyMeetpuntVoorToetsing";127927.0842;469659.1492;"M6b";"nietNodig";"NL11_Amstellandboezem";0.0256098833825867;"2009"
"GEU100_MEA_2009";"NL11";"dummyMeetpuntVoorToetsing";126753.145;470356.855;"M6b";"nietNodig";"NL11_Amstellandboezem";0.0256098833825867;"2009"
"GEI102_MEA_2009";"NL11";"dummyMeetpuntVoorToetsing";129250.9362;478519.3975;"M6b";"nietNodig";"NL11_Amstellandboezem";0.0256098833825867;"2009"
"ANG101_MEA_2009";"NL11";"dummyMeetpuntVoorToetsing";127147.0981;475702.1936;"M6b";"nietNodig";"NL11_Amstellandboezem";0.0256098833825867;"2009"
"ANG100_MEA_2012";"NL11";"dummyMeetpuntVoorToetsing";128220;472061;"M6b";"nietNodig";"NL11_Amstellandboezem";0.0320123542282334;"2012"
"ANG102_MEA_2012";"NL11";"dummyMeetpuntVoorToetsing";127927.0842;469659.1492;"M6b";"nietNodig";"NL11_Amstellandboezem";0.0320123542282334;"2012"
"GEI102_MEA_2012";"NL11";"dummyMeetpuntVoorToetsing";129250.9362;478519.3975;"M6b";"nietNodig";"NL11_Amstellandboezem";0.0320123542282334;"2012"
"ANG101_MEA_2012";"NL11";"dummyMeetpuntVoorToetsing";127147.0981;475702.1936;"M6b";"nietNodig";"NL11_Amstellandboezem";0.0320123542282334;"2012"
"AMS101_MEA_2006";"NL11";"dummyMeetpuntVoorToetsing";120449.825;476033.5104;"M6b";"nietNodig";"NL11_Amstellandboezem";0.0400265517503011;"2006"
"HOD101_MEA_2006";"NL11";"dummyMeetpuntVoorToetsing";123675.5183;476924.35;"M6b";"nietNodig";"NL11_Amstellandboezem";0.0400265517503011;"2006"
"WIN100_MEA_2006";"NL11";"dummyMeetpuntVoorToetsing";124298.6031;475286.3813;"M6b";"nietNodig";"NL11_Amstellandboezem";0.0400265517503011;"2006"
"WAV100_MEA_2006";"NL11";"dummyMeetpuntVoorToetsing";122336.9633;473939.8263;"M6b";"nietNodig";"NL11_Amstellandboezem";0.0400265517503011;"2006"
"AMS101_MEA_2009";"NL11";"dummyMeetpuntVoorToetsing";120449.825;476033.5104;"M6b";"nietNodig";"NL11_Amstellandboezem";0.0320212414002409;"2009"
"WIN100_MEA_2009";"NL11";"dummyMeetpuntVoorToetsing";124298.6031;475286.3813;"M6b";"nietNodig";"NL11_Amstellandboezem";0.0320212414002409;"2009"
"HOD101_MEA_2009";"NL11";"dummyMeetpuntVoorToetsing";123675.5183;476924.35;"M6b";"nietNodig";"NL11_Amstellandboezem";0.0320212414002409;"2009"
"WAV100_MEA_2009";"NL11";"dummyMeetpuntVoorToetsing";122336.9633;473939.8263;"M6b";"nietNodig";"NL11_Amstellandboezem";0.0320212414002409;"2009"
"WAV107_MEA_2009";"NL11";"dummyMeetpuntVoorToetsing";122389;473935;"M6b";"nietNodig";"NL11_Amstellandboezem";0.0320212414002409;"2009"
"WAV100_MEA_2012";"NL11";"dummyMeetpuntVoorToetsing";122336.9633;473939.8263;"M6b";"nietNodig";"NL11_Amstellandboezem";0.0400265517503011;"2012"
"HOD101_MEA_2012";"NL11";"dummyMeetpuntVoorToetsing";123675.5183;476924.35;"M6b";"nietNodig";"NL11_Amstellandboezem";0.0400265517503011;"2012"
"WIN100_MEA_2012";"NL11";"dummyMeetpuntVoorToetsing";124298.6031;475286.3813;"M6b";"nietNodig";"NL11_Amstellandboezem";0.0400265517503011;"2012"
"AMS101_MEA_2012";"NL11";"dummyMeetpuntVoorToetsing";120449.825;476033.5104;"M6b";"nietNodig";"NL11_Amstellandboezem";0.0400265517503011;"2012"
"KMU100_MEA_2006";"NL11";"dummyMeetpuntVoorToetsing";117155.1948;466727.6729;"M6b";"nietNodig";"NL11_Amstellandboezem";0.104167380785761;"2006"
"AMS002_MEA_2006";"NL11";"dummyMeetpuntVoorToetsing";113843;471354;"M6b";"nietNodig";"NL11_Amstellandboezem";0.104167380785761;"2006"
"AMS102_MEA_2009";"NL11";"dummyMeetpuntVoorToetsing";118412.2856;472841.2375;"M6b";"nietNodig";"NL11_Amstellandboezem";0.0520836903928804;"2009"
"AMS002_MEA_2009";"NL11";"dummyMeetpuntVoorToetsing";113843;471354;"M6b";"nietNodig";"NL11_Amstellandboezem";0.0520836903928804;"2009"
"KMU100_MEA_2009";"NL11";"dummyMeetpuntVoorToetsing";117155.1948;466727.6729;"M6b";"nietNodig";"NL11_Amstellandboezem";0.0520836903928804;"2009"
"HNV100_MEA_2009";"NL11";"dummyMeetpuntVoorToetsing";119293.1698;463051.1983;"M6b";"nietNodig";"NL11_Amstellandboezem";0.0520836903928804;"2009"
"KMU100_MEA_2012";"NL11";"dummyMeetpuntVoorToetsing";117155.1948;466727.6729;"M6b";"nietNodig";"NL11_Amstellandboezem";0.0520836903928804;"2012"
"AMS002_MEA_2012";"NL11";"dummyMeetpuntVoorToetsing";113843;471354;"M6b";"nietNodig";"NL11_Amstellandboezem";0.0520836903928804;"2012"
"AMS102_MEA_2012";"NL11";"dummyMeetpuntVoorToetsing";118412.2856;472841.2375;"M6b";"nietNodig";"NL11_Amstellandboezem";0.0520836903928804;"2012"
"HNV100_MEA_2012";"NL11";"dummyMeetpuntVoorToetsing";119293.1698;463051.1983;"M6b";"nietNodig";"NL11_Amstellandboezem";0.0520836903928804;"2012"
"GEE101_MEA_2006";"NL11";"dummyMeetpuntVoorToetsing";123510;464402;"M6b";"nietNodig";"NL11_Amstellandboezem";0.0210401630849021;"2006"
"GHC100_MEA_2006";"NL11";"dummyMeetpuntVoorToetsing";125988.5604;463781.9688;"M6b";"nietNodig";"NL11_Amstellandboezem";0.0210401630849021;"2006"
"AAA100_MEA_2006";"NL11";"dummyMeetpuntVoorToetsing";126671;465746;"M6b";"nietNodig";"NL11_Amstellandboezem";0.0210401630849021;"2006"
"AAA100_MEA_2009";"NL11";"dummyMeetpuntVoorToetsing";126671;465746;"M6b";"nietNodig";"NL11_Amstellandboezem";0.0126240978509412;"2009"
"GEE102_MEA_2009";"NL11";"dummyMeetpuntVoorToetsing";121009.3962;463940.3962;"M6b";"nietNodig";"NL11_Amstellandboezem";0.0126240978509412;"2009"
"BLV101_MEA_2009";"NL11";"dummyMeetpuntVoorToetsing";123656.7588;464412.0818;"M6b";"nietNodig";"NL11_Amstellandboezem";0.0126240978509412;"2009"
"GHC100_MEA_2009";"NL11";"dummyMeetpuntVoorToetsing";125988.5604;463781.9688;"M6b";"nietNodig";"NL11_Amstellandboezem";0.0126240978509412;"2009"
"BLV100_MEA_2009";"NL11";"dummyMeetpuntVoorToetsing";124351.0956;463178.9525;"M6b";"nietNodig";"NL11_Amstellandboezem";0.0126240978509412;"2009"
"BLV100_MEA_2012";"NL11";"dummyMeetpuntVoorToetsing";124351.0956;463178.9525;"M6b";"nietNodig";"NL11_Amstellandboezem";0.0157801223136765;"2012"
"AAA100_MEA_2012";"NL11";"dummyMeetpuntVoorToetsing";126671;465746;"M6b";"nietNodig";"NL11_Amstellandboezem";0.0157801223136765;"2012"
"GHC100_MEA_2012";"NL11";"dummyMeetpuntVoorToetsing";125988.5604;463781.9688;"M6b";"nietNodig";"NL11_Amstellandboezem";0.0157801223136765;"2012"
"GEE102_MEA_2012";"NL11";"dummyMeetpuntVoorToetsing";121009.3962;463940.3962;"M6b";"nietNodig";"NL11_Amstellandboezem";0.0157801223136765;"2012"
"BKP103_MEA_2006";"NL11";"dummyMeetpuntVoorToetsing";118349;474547;"M1a";"nietNodig";"NL11_Bovenkerkerpolder";0.25;"2006"
"BKP102_MEA_2006";"NL11";"dummyMeetpuntVoorToetsing";119066.1269;476010.2375;"M1a";"nietNodig";"NL11_Bovenkerkerpolder";0.25;"2006"
"BKP104_MEA_2006";"NL11";"dummyMeetpuntVoorToetsing";118514.5556;474186.1906;"M1a";"nietNodig";"NL11_Bovenkerkerpolder";0.25;"2006"
"BKP105_MEA_2006";"NL11";"dummyMeetpuntVoorToetsing";118287;473613;"M1a";"nietNodig";"NL11_Bovenkerkerpolder";0.25;"2006"
"NLP100_MEA_2009";"NL11";"dummyMeetpuntVoorToetsing";118242.825;473429.1167;"M1a";"nietNodig";"NL11_Bovenkerkerpolder";0.333333333333333;"2009"
"BKP003_MEA_2009";"NL11";"dummyMeetpuntVoorToetsing";119439;475954;"M1a";"nietNodig";"NL11_Bovenkerkerpolder";0.333333333333333;"2009"
"BKP101_MEA_2009";"NL11";"dummyMeetpuntVoorToetsing";119540;476290;"M1a";"nietNodig";"NL11_Bovenkerkerpolder";0.333333333333333;"2009"
"BKP103_MEA_2012";"NL11";"dummyMeetpuntVoorToetsing";118349;474547;"M1a";"nietNodig";"NL11_Bovenkerkerpolder";0.25;"2012"
"BKP208_MEA_2012";"NL11";"dummyMeetpuntVoorToetsing";119092.4708;476047.2375;"M1a";"nietNodig";"NL11_Bovenkerkerpolder";0.25;"2012"
"BKP104_MEA_2012";"NL11";"dummyMeetpuntVoorToetsing";118514.5556;474186.1906;"M1a";"nietNodig";"NL11_Bovenkerkerpolder";0.25;"2012"
"BKP105_MEA_2012";"NL11";"dummyMeetpuntVoorToetsing";118287;473613;"M1a";"nietNodig";"NL11_Bovenkerkerpolder";0.25;"2012"
"BKP003_MEA_2015";"NL11";"dummyMeetpuntVoorToetsing";119439;475954;"M1a";"nietNodig";"NL11_Bovenkerkerpolder";0.333333333333333;"2015"
"BKP101_MEA_2015";"NL11";"dummyMeetpuntVoorToetsing";119540;476290;"M1a";"nietNodig";"NL11_Bovenkerkerpolder";0.333333333333333;"2015"
"BKP191_MEA_2015";"NL11";"dummyMeetpuntVoorToetsing";118688.5719;475239;"M1a";"nietNodig";"NL11_Bovenkerkerpolder";0.333333333333333;"2015"
"NLP004_MEA_2006";"NL11";"dummyMeetpuntVoorToetsing";115829;475448;"M1a";"nietNodig";"NL11_Noorderlegmeer";0.5;"2006"
"NLP102_MEA_2006";"NL11";"dummyMeetpuntVoorToetsing";116778;475882;"M1a";"nietNodig";"NL11_Noorderlegmeer";0.5;"2006"
"NLP001_MEA_2009";"NL11";"dummyMeetpuntVoorToetsing";118149;473060;"M1a";"nietNodig";"NL11_Noorderlegmeer";1;"2009"
"NLP102_MEA_2012";"NL11";"dummyMeetpuntVoorToetsing";116778;475882;"M1a";"nietNodig";"NL11_Noorderlegmeer";1;"2012"
"NLP007_MEA_2015";"NL11";"dummyMeetpuntVoorToetsing";116149;474221;"M1a";"nietNodig";"NL11_Noorderlegmeer";0.5;"2015"
"NLP001_MEA_2015";"NL11";"dummyMeetpuntVoorToetsing";118149;473060;"M1a";"nietNodig";"NL11_Noorderlegmeer";0.5;"2015"
"NLP001_MEA_2020";"NL11";"dummyMeetpuntVoorToetsing";118149;473060;"M1a";"nietNodig";"NL11_Noorderlegmeer";0.25;"2020"
"NLP104_MEA_2020";"NL11";"dummyMeetpuntVoorToetsing";113587;473839;"M1a";"nietNodig";"NL11_Noorderlegmeer";0.25;"2020"
"NLP111_MEA_2020";"NL11";"dummyMeetpuntVoorToetsing";116423;475119;"M1a";"nietNodig";"NL11_Noorderlegmeer";0.25;"2020"
"NLP119_MEA_2020";"NL11";"dummyMeetpuntVoorToetsing";114770;474715;"M1a";"nietNodig";"NL11_Noorderlegmeer";0.25;"2020"
"GGP050_MEA_2006";"NL11";"dummyMeetpuntVoorToetsing";128364;479933;"M20";"nietNodig";"NL11_Gaasperplas";1;"2006"
"GGP102_MEA_2009";"NL11";"dummyMeetpuntVoorToetsing";127369;479887;"M20";"nietNodig";"NL11_Gaasperplas";0.166666666666667;"2009"
"GGP103_MEA_2009";"NL11";"dummyMeetpuntVoorToetsing";127709;479950;"M20";"nietNodig";"NL11_Gaasperplas";0.166666666666667;"2009"
"GGP107_MEA_2009";"NL11";"dummyMeetpuntVoorToetsing";127496;479552;"M20";"nietNodig";"NL11_Gaasperplas";0.166666666666667;"2009"
"GGP106_MEA_2009";"NL11";"dummyMeetpuntVoorToetsing";127895;479554;"M20";"nietNodig";"NL11_Gaasperplas";0.166666666666667;"2009"
"GGP104_MEA_2009";"NL11";"dummyMeetpuntVoorToetsing";128387.3073;480236.6927;"M20";"nietNodig";"NL11_Gaasperplas";0.166666666666667;"2009"
"GGP105_MEA_2009";"NL11";"dummyMeetpuntVoorToetsing";128754;480022;"M20";"nietNodig";"NL11_Gaasperplas";0.166666666666667;"2009"
"GGP106_MEA_2014";"NL11";"dummyMeetpuntVoorToetsing";127895;479554;"M20";"nietNodig";"NL11_Gaasperplas";0.333333333333333;"2014"
"GGP104_MEA_2014";"NL11";"dummyMeetpuntVoorToetsing";128387.3073;480236.6927;"M20";"nietNodig";"NL11_Gaasperplas";0.333333333333333;"2014"
"GGP102_MEA_2014";"NL11";"dummyMeetpuntVoorToetsing";127369;479887;"M20";"nietNodig";"NL11_Gaasperplas";0.333333333333333;"2014"
"HBP050_MEA_2006";"NL11";"dummyMeetpuntVoorToetsing";123867;478177;"M20";"nietNodig";"NL11_Ouderkerkerplas";1;"2006"
"HBP155_MEA_2008";"NL11";"dummyMeetpuntVoorToetsing";123398.926;477900.3734;"M20";"nietNodig";"NL11_Ouderkerkerplas";0.166666666666667;"2008"
"HBP152_MEA_2008";"NL11";"dummyMeetpuntVoorToetsing";124077.9766;478559.7667;"M20";"nietNodig";"NL11_Ouderkerkerplas";0.166666666666667;"2008"
"HBP153_MEA_2008";"NL11";"dummyMeetpuntVoorToetsing";124186;478381;"M20";"nietNodig";"NL11_Ouderkerkerplas";0.166666666666667;"2008"
"HBP150_MEA_2008";"NL11";"dummyMeetpuntVoorToetsing";123747;478420;"M20";"nietNodig";"NL11_Ouderkerkerplas";0.166666666666667;"2008"
"HBP154_MEA_2008";"NL11";"dummyMeetpuntVoorToetsing";123928;477818;"M20";"nietNodig";"NL11_Ouderkerkerplas";0.166666666666667;"2008"
"HBP151_MEA_2008";"NL11";"dummyMeetpuntVoorToetsing";123811;478376;"M20";"nietNodig";"NL11_Ouderkerkerplas";0.166666666666667;"2008"
"HBP155_MEA_2009";"NL11";"dummyMeetpuntVoorToetsing";123398.926;477900.3734;"M20";"nietNodig";"NL11_Ouderkerkerplas";0.166666666666667;"2009"
"HBP152_MEA_2009";"NL11";"dummyMeetpuntVoorToetsing";124077.9766;478559.7667;"M20";"nietNodig";"NL11_Ouderkerkerplas";0.166666666666667;"2009"
"HBP154_MEA_2009";"NL11";"dummyMeetpuntVoorToetsing";123928;477818;"M20";"nietNodig";"NL11_Ouderkerkerplas";0.166666666666667;"2009"
"HBP153_MEA_2009";"NL11";"dummyMeetpuntVoorToetsing";124186;478381;"M20";"nietNodig";"NL11_Ouderkerkerplas";0.166666666666667;"2009"
"HBP151_MEA_2009";"NL11";"dummyMeetpuntVoorToetsing";123811;478376;"M20";"nietNodig";"NL11_Ouderkerkerplas";0.166666666666667;"2009"
"HBP150_MEA_2009";"NL11";"dummyMeetpuntVoorToetsing";123747;478420;"M20";"nietNodig";"NL11_Ouderkerkerplas";0.166666666666667;"2009"
"HBP155_MEA_2011";"NL11";"dummyMeetpuntVoorToetsing";123398.926;477900.3734;"M20";"nietNodig";"NL11_Ouderkerkerplas";0.125;"2011"
"HBP153_MEA_2011";"NL11";"dummyMeetpuntVoorToetsing";124186;478381;"M20";"nietNodig";"NL11_Ouderkerkerplas";0.125;"2011"
"HBP150_MEA_2011";"NL11";"dummyMeetpuntVoorToetsing";123747;478420;"M20";"nietNodig";"NL11_Ouderkerkerplas";0.125;"2011"
"HBP151_MEA_2011";"NL11";"dummyMeetpuntVoorToetsing";123811;478376;"M20";"nietNodig";"NL11_Ouderkerkerplas";0.125;"2011"
"HBP154_MEA_2011";"NL11";"dummyMeetpuntVoorToetsing";123928;477818;"M20";"nietNodig";"NL11_Ouderkerkerplas";0.125;"2011"
"HBP152_MEA_2011";"NL11";"dummyMeetpuntVoorToetsing";124077.9766;478559.7667;"M20";"nietNodig";"NL11_Ouderkerkerplas";0.125;"2011"
"HBP239_MEA_2011";"NL11";"dummyMeetpuntVoorToetsing";124223;478382;"M20";"nietNodig";"NL11_Ouderkerkerplas";0.125;"2011"
"HBP240_MEA_2011";"NL11";"dummyMeetpuntVoorToetsing";124131;478316;"M20";"nietNodig";"NL11_Ouderkerkerplas";0.125;"2011"
"HBP165_MEA_2014";"NL11";"dummyMeetpuntVoorToetsing";123422;477882;"M20";"nietNodig";"NL11_Ouderkerkerplas";0.25;"2014"
"HBP152_MEA_2014";"NL11";"dummyMeetpuntVoorToetsing";124077.9766;478559.7667;"M20";"nietNodig";"NL11_Ouderkerkerplas";0.25;"2014"
"HBP150_MEA_2014";"NL11";"dummyMeetpuntVoorToetsing";123747;478420;"M20";"nietNodig";"NL11_Ouderkerkerplas";0.25;"2014"
"HBP240_MEA_2014";"NL11";"dummyMeetpuntVoorToetsing";124131;478316;"M20";"nietNodig";"NL11_Ouderkerkerplas";0.25;"2014"
"PRH112_MEA_2006";"NL11";"dummyMeetpuntVoorToetsing";123096;476036;"M8";"nietNodig";"NL11_VaartenRondeHoep";0.113040671779735;"2006"
"PRH113_MEA_2006";"NL11";"dummyMeetpuntVoorToetsing";121943.3867;474551.0475;"M8";"nietNodig";"NL11_VaartenRondeHoep";0.113040671779735;"2006"
"PRH101_MEA_2008";"NL11";"dummyMeetpuntVoorToetsing";122098;474770;"M8";"nietNodig";"NL11_VaartenRondeHoep";0.113040671779735;"2008"
"PRH173_MEA_2008";"NL11";"dummyMeetpuntVoorToetsing";123227.6356;475911.19;"M8";"nietNodig";"NL11_VaartenRondeHoep";0.113040671779735;"2008"
"PRH101_MEA_2009";"NL11";"dummyMeetpuntVoorToetsing";122098;474770;"M8";"nietNodig";"NL11_VaartenRondeHoep";0.113040671779735;"2009"
"PRH102_MEA_2009";"NL11";"dummyMeetpuntVoorToetsing";123288;475989;"M8";"nietNodig";"NL11_VaartenRondeHoep";0.113040671779735;"2009"
"PRH101_MEA_2011";"NL11";"dummyMeetpuntVoorToetsing";122098;474770;"M8";"nietNodig";"NL11_VaartenRondeHoep";0.0753604478531567;"2011"
"PRH102_MEA_2011";"NL11";"dummyMeetpuntVoorToetsing";123288;475989;"M8";"nietNodig";"NL11_VaartenRondeHoep";0.0753604478531567;"2011"
"PRH107_MEA_2011";"NL11";"dummyMeetpuntVoorToetsing";122037;474387;"M8";"nietNodig";"NL11_VaartenRondeHoep";0.0753604478531567;"2011"
"PRH107_MEA_2015";"NL11";"dummyMeetpuntVoorToetsing";122037;474387;"M8";"nietNodig";"NL11_VaartenRondeHoep";0.22608134355947;"2015"
"PRH100_MEA_2007";"NL11";"dummyMeetpuntVoorToetsing";121397.9783;474739.3067;"M8";"nietNodig";"NL11_VaartenRondeHoep";0.281829437894996;"2007"
"PRH100_MEA_2008";"NL11";"dummyMeetpuntVoorToetsing";121397.9783;474739.3067;"M8";"nietNodig";"NL11_VaartenRondeHoep";0.281829437894996;"2008"
"PRH100_MEA_2009";"NL11";"dummyMeetpuntVoorToetsing";121397.9783;474739.3067;"M8";"nietNodig";"NL11_VaartenRondeHoep";0.281829437894996;"2009"
"PRH114_MEA_2006";"NL11";"dummyMeetpuntVoorToetsing";120732;476880;"M8";"nietNodig";"NL11_VaartenRondeHoep";0.137850985546877;"2006"
"PRH124_MEA_2007";"NL11";"dummyMeetpuntVoorToetsing";121050;476753;"M8";"nietNodig";"NL11_VaartenRondeHoep";0.137850985546877;"2007"
"PRH104_MEA_2008";"NL11";"dummyMeetpuntVoorToetsing";121999.8833;478112.5658;"M8";"nietNodig";"NL11_VaartenRondeHoep";0.137850985546877;"2008"
"PRH104_MEA_2009";"NL11";"dummyMeetpuntVoorToetsing";121999.8833;478112.5658;"M8";"nietNodig";"NL11_VaartenRondeHoep";0.137850985546877;"2009"
"PRH104_MEA_2011";"NL11";"dummyMeetpuntVoorToetsing";121999.8833;478112.5658;"M8";"nietNodig";"NL11_VaartenRondeHoep";0.137850985546877;"2011"
"PRH104_MEA_2015";"NL11";"dummyMeetpuntVoorToetsing";121999.8833;478112.5658;"M8";"nietNodig";"NL11_VaartenRondeHoep";0.137850985546877;"2015"
"PRH111_MEA_2006";"NL11";"dummyMeetpuntVoorToetsing";122697.1792;477333.7408;"M8";"nietNodig";"NL11_VaartenRondeHoep";0.157103037913774;"2006"
"PRH111_MEA_2007";"NL11";"dummyMeetpuntVoorToetsing";122697.1792;477333.7408;"M8";"nietNodig";"NL11_VaartenRondeHoep";0.0785515189568871;"2007"
"PRH103_MEA_2007";"NL11";"dummyMeetpuntVoorToetsing";122987.84;476565.0842;"M8";"nietNodig";"NL11_VaartenRondeHoep";0.0785515189568871;"2007"
"PRH103_MEA_2008";"NL11";"dummyMeetpuntVoorToetsing";122987.84;476565.0842;"M8";"nietNodig";"NL11_VaartenRondeHoep";0.157103037913774;"2008"
"PRH103_MEA_2009";"NL11";"dummyMeetpuntVoorToetsing";122987.84;476565.0842;"M8";"nietNodig";"NL11_VaartenRondeHoep";0.157103037913774;"2009"
"PRH103_MEA_2011";"NL11";"dummyMeetpuntVoorToetsing";122987.84;476565.0842;"M8";"nietNodig";"NL11_VaartenRondeHoep";0.157103037913774;"2011"
"PRH103_MEA_2015";"NL11";"dummyMeetpuntVoorToetsing";122987.84;476565.0842;"M8";"nietNodig";"NL11_VaartenRondeHoep";0.157103037913774;"2015"
"PRH105_MEA_2006";"NL11";"dummyMeetpuntVoorToetsing";122031;476095;"M8";"nietNodig";"NL11_VaartenRondeHoep";0.197135195084882;"2006"
"PRH006_MEA_2007";"NL11";"dummyMeetpuntVoorToetsing";122079;476219;"M8";"nietNodig";"NL11_VaartenRondeHoep";0.197135195084882;"2007"
"PRH105_MEA_2008";"NL11";"dummyMeetpuntVoorToetsing";122031;476095;"M8";"nietNodig";"NL11_VaartenRondeHoep";0.197135195084882;"2008"
"PRH105_MEA_2009";"NL11";"dummyMeetpuntVoorToetsing";122031;476095;"M8";"nietNodig";"NL11_VaartenRondeHoep";0.197135195084882;"2009"
"PRH159_MEA_2011";"NL11";"dummyMeetpuntVoorToetsing";122097;476266;"M8";"nietNodig";"NL11_VaartenRondeHoep";0.197135195084882;"2011"
"GWV128_MEA_2006";"NL11";"dummyMeetpuntVoorToetsing";124155;468233;"M10";"nietNodig";"NL11_Tussenboezema";0.5;"2006"
"GWV129_MEA_2006";"NL11";"dummyMeetpuntVoorToetsing";124186;468277;"M10";"nietNodig";"NL11_Tussenboezema";0.5;"2006"
"GWV111_MEA_2008";"NL11";"dummyMeetpuntVoorToetsing";124881.2008;468320.2158;"M10";"nietNodig";"NL11_Tussenboezema";0.333333333333333;"2008"
"GWV114_MEA_2008";"NL11";"dummyMeetpuntVoorToetsing";125168.0583;469254.0096;"M10";"nietNodig";"NL11_Tussenboezema";0.333333333333333;"2008"
"GWV112_MEA_2008";"NL11";"dummyMeetpuntVoorToetsing";124159;468225;"M10";"nietNodig";"NL11_Tussenboezema";0.333333333333333;"2008"
"GWV114_MEA_2009";"NL11";"dummyMeetpuntVoorToetsing";125168.0583;469254.0096;"M10";"nietNodig";"NL11_Tussenboezema";0.333333333333333;"2009"
"GWV111_MEA_2009";"NL11";"dummyMeetpuntVoorToetsing";124881.2008;468320.2158;"M10";"nietNodig";"NL11_Tussenboezema";0.333333333333333;"2009"
"GWV112_MEA_2009";"NL11";"dummyMeetpuntVoorToetsing";124159;468225;"M10";"nietNodig";"NL11_Tussenboezema";0.333333333333333;"2009"
"GWV114_MEA_2011";"NL11";"dummyMeetpuntVoorToetsing";125168.0583;469254.0096;"M10";"nietNodig";"NL11_Tussenboezema";0.333333333333333;"2011"
"GWV112_MEA_2011";"NL11";"dummyMeetpuntVoorToetsing";124159;468225;"M10";"nietNodig";"NL11_Tussenboezema";0.333333333333333;"2011"
"GWV111_MEA_2011";"NL11";"dummyMeetpuntVoorToetsing";124881.2008;468320.2158;"M10";"nietNodig";"NL11_Tussenboezema";0.333333333333333;"2011"
"GWV111_MEA_2014";"NL11";"dummyMeetpuntVoorToetsing";124881.2008;468320.2158;"M10";"nietNodig";"NL11_Tussenboezema";0.333333333333333;"2014"
"GWV114_MEA_2014";"NL11";"dummyMeetpuntVoorToetsing";125168.0583;469254.0096;"M10";"nietNodig";"NL11_Tussenboezema";0.333333333333333;"2014"
"GWV129_MEA_2014";"NL11";"dummyMeetpuntVoorToetsing";124186;468277;"M10";"nietNodig";"NL11_Tussenboezema";0.333333333333333;"2014"
"GWV154_MEA_2006";"NL11";"dummyMeetpuntVoorToetsing";125121.1792;470120.0427;"M20";"nietNodig";"NL11_Vinkeveenseplassen";0.0606430148425551;"2006"
"GWV166_MEA_2009";"NL11";"dummyMeetpuntVoorToetsing";126206;470340;"M20";"nietNodig";"NL11_Vinkeveenseplassen";0.0303215074212776;"2009"
"GWV165_MEA_2009";"NL11";"dummyMeetpuntVoorToetsing";126524;470359;"M20";"nietNodig";"NL11_Vinkeveenseplassen";0.0303215074212776;"2009"
"GWV154_MEA_2014";"NL11";"dummyMeetpuntVoorToetsing";125121.1792;470120.0427;"M20";"nietNodig";"NL11_Vinkeveenseplassen";0.0606430148425551;"2014"
"GWV154_MEA_2019";"NL11";"dummyMeetpuntVoorToetsing";125121.1792;470120.0427;"M20";"nietNodig";"NL11_Vinkeveenseplassen";0.0606430148425551;"2019"
"GWV153_MEA_2006";"NL11";"dummyMeetpuntVoorToetsing";125869;471457;"M20";"nietNodig";"NL11_Vinkeveenseplassen";0.15942706880414;"2006"
"GWV152_MEA_2006";"NL11";"dummyMeetpuntVoorToetsing";124652.1032;470587.6076;"M20";"nietNodig";"NL11_Vinkeveenseplassen";0.15942706880414;"2006"
"GWV168_MEA_2009";"NL11";"dummyMeetpuntVoorToetsing";124688;470257;"M20";"nietNodig";"NL11_Vinkeveenseplassen";0.0797135344020699;"2009"
"GWV167_MEA_2009";"NL11";"dummyMeetpuntVoorToetsing";126056;470400;"M20";"nietNodig";"NL11_Vinkeveenseplassen";0.0797135344020699;"2009"
"GWV169_MEA_2009";"NL11";"dummyMeetpuntVoorToetsing";124486;470431;"M20";"nietNodig";"NL11_Vinkeveenseplassen";0.0797135344020699;"2009"
"GWV170_MEA_2009";"NL11";"dummyMeetpuntVoorToetsing";126036;471430;"M20";"nietNodig";"NL11_Vinkeveenseplassen";0.0797135344020699;"2009"
"GWV167_MEA_2014";"NL11";"dummyMeetpuntVoorToetsing";126056;470400;"M20";"nietNodig";"NL11_Vinkeveenseplassen";0.106284712536093;"2014"
"GWV153_MEA_2014";"NL11";"dummyMeetpuntVoorToetsing";125869;471457;"M20";"nietNodig";"NL11_Vinkeveenseplassen";0.106284712536093;"2014"
"GWV169_MEA_2014";"NL11";"dummyMeetpuntVoorToetsing";124486;470431;"M20";"nietNodig";"NL11_Vinkeveenseplassen";0.106284712536093;"2014"
"GWV167_MEA_2019";"NL11";"dummyMeetpuntVoorToetsing";126056;470400;"M20";"nietNodig";"NL11_Vinkeveenseplassen";0.106284712536093;"2019"
"GWV153_MEA_2019";"NL11";"dummyMeetpuntVoorToetsing";125869;471457;"M20";"nietNodig";"NL11_Vinkeveenseplassen";0.106284712536093;"2019"
"GWV169_MEA_2019";"NL11";"dummyMeetpuntVoorToetsing";124486;470431;"M20";"nietNodig";"NL11_Vinkeveenseplassen";0.106284712536093;"2019"
"GWV150_MEA_2006";"NL11";"dummyMeetpuntVoorToetsing";125982;473349;"M20";"nietNodig";"NL11_Vinkeveenseplassen";0.310251423774583;"2006"
"GWV151_MEA_2006";"NL11";"dummyMeetpuntVoorToetsing";124207.2995;471274.3854;"M20";"nietNodig";"NL11_Vinkeveenseplassen";0.310251423774583;"2006"
"GWV159_MEA_2009";"NL11";"dummyMeetpuntVoorToetsing";126029.7944;472303.5719;"M20";"nietNodig";"NL11_Vinkeveenseplassen";0.103417141258194;"2009"
"GWV162_MEA_2009";"NL11";"dummyMeetpuntVoorToetsing";124181;473316;"M20";"nietNodig";"NL11_Vinkeveenseplassen";0.103417141258194;"2009"
"GWV164_MEA_2009";"NL11";"dummyMeetpuntVoorToetsing";125591;471711;"M20";"nietNodig";"NL11_Vinkeveenseplassen";0.103417141258194;"2009"
"GWV160_MEA_2009";"NL11";"dummyMeetpuntVoorToetsing";126072;473330;"M20";"nietNodig";"NL11_Vinkeveenseplassen";0.103417141258194;"2009"
"GWV161_MEA_2009";"NL11";"dummyMeetpuntVoorToetsing";124540.6506;473901.1425;"M20";"nietNodig";"NL11_Vinkeveenseplassen";0.103417141258194;"2009"
"GWV163_MEA_2009";"NL11";"dummyMeetpuntVoorToetsing";124473;471611;"M20";"nietNodig";"NL11_Vinkeveenseplassen";0.103417141258194;"2009"
"GWV159_MEA_2014";"NL11";"dummyMeetpuntVoorToetsing";126029.7944;472303.5719;"M20";"nietNodig";"NL11_Vinkeveenseplassen";0.206834282516388;"2014"
"GWV160_MEA_2014";"NL11";"dummyMeetpuntVoorToetsing";126072;473330;"M20";"nietNodig";"NL11_Vinkeveenseplassen";0.206834282516388;"2014"
"GWV163_MEA_2014";"NL11";"dummyMeetpuntVoorToetsing";124473;471611;"M20";"nietNodig";"NL11_Vinkeveenseplassen";0.206834282516388;"2014"
"GWV162_MEA_2019";"NL11";"dummyMeetpuntVoorToetsing";124181;473316;"M20";"nietNodig";"NL11_Vinkeveenseplassen";0.155125711887291;"2019"
"GWV160_MEA_2019";"NL11";"dummyMeetpuntVoorToetsing";126072;473330;"M20";"nietNodig";"NL11_Vinkeveenseplassen";0.155125711887291;"2019"
"GWV163_MEA_2019";"NL11";"dummyMeetpuntVoorToetsing";124473;471611;"M20";"nietNodig";"NL11_Vinkeveenseplassen";0.155125711887291;"2019"
"GWV159_MEA_2019";"NL11";"dummyMeetpuntVoorToetsing";126029.7944;472303.5719;"M20";"nietNodig";"NL11_Vinkeveenseplassen";0.155125711887291;"2019"
"GWV144_MEA_2006";"NL11";"dummyMeetpuntVoorToetsing";116424.3542;470897.0386;"M10";"nietNodig";"NL11_MijdrechtseBovenlanden";0.333333333333333;"2006"
"GWV146_MEA_2006";"NL11";"dummyMeetpuntVoorToetsing";115834.5767;469327.7517;"M10";"nietNodig";"NL11_MijdrechtseBovenlanden";0.333333333333333;"2006"
"GWV011_MEA_2006";"NL11";"dummyMeetpuntVoorToetsing";116863;470818;"M10";"nietNodig";"NL11_MijdrechtseBovenlanden";0.333333333333333;"2006"
"GWV157_MEA_2009";"NL11";"dummyMeetpuntVoorToetsing";116198.3464;471045.9224;"M10";"nietNodig";"NL11_MijdrechtseBovenlanden";0.333333333333333;"2009"
"GWV143_MEA_2009";"NL11";"dummyMeetpuntVoorToetsing";116827;470513;"M10";"nietNodig";"NL11_MijdrechtseBovenlanden";0.333333333333333;"2009"
"GWV158_MEA_2009";"NL11";"dummyMeetpuntVoorToetsing";116071;469350;"M10";"nietNodig";"NL11_MijdrechtseBovenlanden";0.333333333333333;"2009"
"GWV157_MEA_2014";"NL11";"dummyMeetpuntVoorToetsing";116198.3464;471045.9224;"M10";"nietNodig";"NL11_MijdrechtseBovenlanden";0.5;"2014"
"GWV158_MEA_2014";"NL11";"dummyMeetpuntVoorToetsing";116071;469350;"M10";"nietNodig";"NL11_MijdrechtseBovenlanden";0.5;"2014"
"GWV142_MEA_2006";"NL11";"dummyMeetpuntVoorToetsing";127075.6927;468522.124;"M8";"nietNodig";"NL11_PolderDemmerik";0.353848672284824;"2006"
"GWV131_MEA_2006";"NL11";"dummyMeetpuntVoorToetsing";125963.9302;468471.4552;"M8";"nietNodig";"NL11_PolderDemmerik";0.129230265543035;"2006"
"GWV149_MEA_2006";"NL11";"dummyMeetpuntVoorToetsing";126041;468438;"M8";"nietNodig";"NL11_PolderDemmerik";0.129230265543035;"2006"
"GWV137_MEA_2006";"NL11";"dummyMeetpuntVoorToetsing";126220.7938;466397.576;"M8";"nietNodig";"NL11_PolderDemmerik";0.129230265543035;"2006"
"GWV148_MEA_2006";"NL11";"dummyMeetpuntVoorToetsing";125968;468503;"M8";"nietNodig";"NL11_PolderDemmerik";0.129230265543035;"2006"
"GWV130_MEA_2006";"NL11";"dummyMeetpuntVoorToetsing";125979;468533;"M8";"nietNodig";"NL11_PolderDemmerik";0.129230265543035;"2006"
"GWV174_MEA_2009";"NL11";"dummyMeetpuntVoorToetsing";126063.9681;468912.2069;"M8";"nietNodig";"NL11_PolderDemmerik";0.646151327715176;"2009"
"GWV155_MEA_2006";"NL11";"dummyMeetpuntVoorToetsing";125947;464450;"M10";"nietNodig";"NL11_GrootWilnis-VinkeveenZuid";0.121617265491007;"2006"
"GWV133_MEA_2006";"NL11";"dummyMeetpuntVoorToetsing";124027.9688;466132.8521;"M10";"nietNodig";"NL11_GrootWilnis-VinkeveenZuid";0.121617265491007;"2006"
"GWV138_MEA_2006";"NL11";"dummyMeetpuntVoorToetsing";122237;464765;"M10";"nietNodig";"NL11_GrootWilnis-VinkeveenZuid";0.121617265491007;"2006"
"GWV136_MEA_2006";"NL11";"dummyMeetpuntVoorToetsing";124539.8521;464739.3698;"M10";"nietNodig";"NL11_GrootWilnis-VinkeveenZuid";0.121617265491007;"2006"
"GWV134_MEA_2006";"NL11";"dummyMeetpuntVoorToetsing";124118;465748;"M10";"nietNodig";"NL11_GrootWilnis-VinkeveenZuid";0.121617265491007;"2006"
"GWV175_MEA_2009";"NL11";"dummyMeetpuntVoorToetsing";123764;464265;"M10";"nietNodig";"NL11_GrootWilnis-VinkeveenZuid";0.202695442485011;"2009"
"WVO031_MEA_2009";"NL11";"dummyMeetpuntVoorToetsing";121872;464923;"M10";"nietNodig";"NL11_GrootWilnis-VinkeveenZuid";0.202695442485011;"2009"
"GWV171_MEA_2009";"NL11";"dummyMeetpuntVoorToetsing";123798.6988;464822.095;"M10";"nietNodig";"NL11_GrootWilnis-VinkeveenZuid";0.202695442485011;"2009"
"GWV140_MEA_2006";"NL11";"dummyMeetpuntVoorToetsing";120144.8833;464288.3583;"M10";"nietNodig";"NL11_GrootWilnis-VinkeveenZuid";0.130637890848322;"2006"
"GWV141_MEA_2006";"NL11";"dummyMeetpuntVoorToetsing";118923;466129;"M10";"nietNodig";"NL11_GrootWilnis-VinkeveenZuid";0.130637890848322;"2006"
"GWV139_MEA_2006";"NL11";"dummyMeetpuntVoorToetsing";120812;465251;"M10";"nietNodig";"NL11_GrootWilnis-VinkeveenZuid";0.130637890848322;"2006"
"GWV172_MEA_2009";"NL11";"dummyMeetpuntVoorToetsing";120383.365;465591.8569;"M10";"nietNodig";"NL11_GrootWilnis-VinkeveenZuid";0.195956836272483;"2009"
"GWV173_MEA_2009";"NL11";"dummyMeetpuntVoorToetsing";119542;465269;"M10";"nietNodig";"NL11_GrootWilnis-VinkeveenZuid";0.195956836272483;"2009"
"PGM108_MEA_2006";"NL11";"dummyMeetpuntVoorToetsing";122906.3036;471702.8094;"M1a";"nietNodig";"NL11_VaartenGrootMijdrec";0.25;"2006"
"PGM104_MEA_2006";"NL11";"dummyMeetpuntVoorToetsing";121994;470999;"M1a";"nietNodig";"NL11_VaartenGrootMijdrec";0.25;"2006"
"PGM107_MEA_2006";"NL11";"dummyMeetpuntVoorToetsing";121268.4203;472260.6615;"M1a";"nietNodig";"NL11_VaartenGrootMijdrec";0.25;"2006"
"PGM106_MEA_2006";"NL11";"dummyMeetpuntVoorToetsing";121369;472308;"M1a";"nietNodig";"NL11_VaartenGrootMijdrec";0.25;"2006"
"PGM101_MEA_2009";"NL11";"dummyMeetpuntVoorToetsing";122012.9844;468356.9339;"M1a";"nietNodig";"NL11_VaartenGrootMijdrec";0.166666666666667;"2009"
"PGM102_MEA_2009";"NL11";"dummyMeetpuntVoorToetsing";122004.0349;469374.8677;"M1a";"nietNodig";"NL11_VaartenGrootMijdrec";0.166666666666667;"2009"
"PGM103_MEA_2009";"NL11";"dummyMeetpuntVoorToetsing";122000;470405;"M1a";"nietNodig";"NL11_VaartenGrootMijdrec";0.166666666666667;"2009"
"PGM104_MEA_2009";"NL11";"dummyMeetpuntVoorToetsing";121994;470999;"M1a";"nietNodig";"NL11_VaartenGrootMijdrec";0.166666666666667;"2009"
"PGM002_MEA_2009";"NL11";"dummyMeetpuntVoorToetsing";121985;472991;"M1a";"nietNodig";"NL11_VaartenGrootMijdrec";0.166666666666667;"2009"
"PGM105_MEA_2009";"NL11";"dummyMeetpuntVoorToetsing";121993;471956;"M1a";"nietNodig";"NL11_VaartenGrootMijdrec";0.166666666666667;"2009"
"PGM104_MEA_2012";"NL11";"dummyMeetpuntVoorToetsing";121994;470999;"M1a";"nietNodig";"NL11_VaartenGrootMijdrec";0.25;"2012"
"PGM108_MEA_2012";"NL11";"dummyMeetpuntVoorToetsing";122906.3036;471702.8094;"M1a";"nietNodig";"NL11_VaartenGrootMijdrec";0.25;"2012"
"PGM106_MEA_2012";"NL11";"dummyMeetpuntVoorToetsing";121369;472308;"M1a";"nietNodig";"NL11_VaartenGrootMijdrec";0.25;"2012"
"PGM107_MEA_2012";"NL11";"dummyMeetpuntVoorToetsing";121268.4203;472260.6615;"M1a";"nietNodig";"NL11_VaartenGrootMijdrec";0.25;"2012"
"BOT108_MEA_2006";"NL11";"dummyMeetpuntVoorToetsing";123838.4641;472905.5033;"M27";"nietNodig";"NL11_Botshol";0.25;"2006"
"BOT110_MEA_2006";"NL11";"dummyMeetpuntVoorToetsing";123150;473650;"M27";"nietNodig";"NL11_Botshol";0.25;"2006"
"BOT111_MEA_2006";"NL11";"dummyMeetpuntVoorToetsing";123200;473650;"M27";"nietNodig";"NL11_Botshol";0.25;"2006"
"BOT109_MEA_2006";"NL11";"dummyMeetpuntVoorToetsing";123700;473200;"M27";"nietNodig";"NL11_Botshol";0.25;"2006"
"BOT102_MEA_2008";"NL11";"dummyMeetpuntVoorToetsing";123924;473809;"M27";"nietNodig";"NL11_Botshol";0.166666666666667;"2008"
"BOT100_MEA_2008";"NL11";"dummyMeetpuntVoorToetsing";123951;473306;"M27";"nietNodig";"NL11_Botshol";0.166666666666667;"2008"
"BOT101_MEA_2008";"NL11";"dummyMeetpuntVoorToetsing";123327.3041;473543.1584;"M27";"nietNodig";"NL11_Botshol";0.166666666666667;"2008"
"BOT103_MEA_2008";"NL11";"dummyMeetpuntVoorToetsing";123471;473815;"M27";"nietNodig";"NL11_Botshol";0.166666666666667;"2008"
"BOT104_MEA_2008";"NL11";"dummyMeetpuntVoorToetsing";123224;473674;"M27";"nietNodig";"NL11_Botshol";0.166666666666667;"2008"
"BOT105_MEA_2008";"NL11";"dummyMeetpuntVoorToetsing";123874;472964;"M27";"nietNodig";"NL11_Botshol";0.166666666666667;"2008"
"BOT100_MEA_2009";"NL11";"dummyMeetpuntVoorToetsing";123951;473306;"M27";"nietNodig";"NL11_Botshol";0.166666666666667;"2009"
"BOT101_MEA_2009";"NL11";"dummyMeetpuntVoorToetsing";123327.3041;473543.1584;"M27";"nietNodig";"NL11_Botshol";0.166666666666667;"2009"
"BOT103_MEA_2009";"NL11";"dummyMeetpuntVoorToetsing";123471;473815;"M27";"nietNodig";"NL11_Botshol";0.166666666666667;"2009"
"BOT104_MEA_2009";"NL11";"dummyMeetpuntVoorToetsing";123224;473674;"M27";"nietNodig";"NL11_Botshol";0.166666666666667;"2009"
"BOT105_MEA_2009";"NL11";"dummyMeetpuntVoorToetsing";123874;472964;"M27";"nietNodig";"NL11_Botshol";0.166666666666667;"2009"
"BOT102_MEA_2009";"NL11";"dummyMeetpuntVoorToetsing";123924;473809;"M27";"nietNodig";"NL11_Botshol";0.166666666666667;"2009"
"BOT100_MEA_2011";"NL11";"dummyMeetpuntVoorToetsing";123951;473306;"M27";"nietNodig";"NL11_Botshol";0.166666666666667;"2011"
"BOT101_MEA_2011";"NL11";"dummyMeetpuntVoorToetsing";123327.3041;473543.1584;"M27";"nietNodig";"NL11_Botshol";0.166666666666667;"2011"
"BOT104_MEA_2011";"NL11";"dummyMeetpuntVoorToetsing";123224;473674;"M27";"nietNodig";"NL11_Botshol";0.166666666666667;"2011"
"BOT102_MEA_2011";"NL11";"dummyMeetpuntVoorToetsing";123924;473809;"M27";"nietNodig";"NL11_Botshol";0.166666666666667;"2011"
"BOT105_MEA_2011";"NL11";"dummyMeetpuntVoorToetsing";123874;472964;"M27";"nietNodig";"NL11_Botshol";0.166666666666667;"2011"
"BOT103_MEA_2011";"NL11";"dummyMeetpuntVoorToetsing";123471;473815;"M27";"nietNodig";"NL11_Botshol";0.166666666666667;"2011"
"BOT101_MEA_2012";"NL11";"dummyMeetpuntVoorToetsing";123327.3041;473543.1584;"M27";"nietNodig";"NL11_Botshol";0.166666666666667;"2012"
"BOT104_MEA_2012";"NL11";"dummyMeetpuntVoorToetsing";123224;473674;"M27";"nietNodig";"NL11_Botshol";0.166666666666667;"2012"
"BOT100_MEA_2012";"NL11";"dummyMeetpuntVoorToetsing";123951;473306;"M27";"nietNodig";"NL11_Botshol";0.166666666666667;"2012"
"BOT105_MEA_2012";"NL11";"dummyMeetpuntVoorToetsing";123874;472964;"M27";"nietNodig";"NL11_Botshol";0.166666666666667;"2012"
"BOT103_MEA_2012";"NL11";"dummyMeetpuntVoorToetsing";123471;473815;"M27";"nietNodig";"NL11_Botshol";0.166666666666667;"2012"
"BOT102_MEA_2012";"NL11";"dummyMeetpuntVoorToetsing";123924;473809;"M27";"nietNodig";"NL11_Botshol";0.166666666666667;"2012"
"BOT105_MEA_2020";"NL11";"dummyMeetpuntVoorToetsing";123874;472964;"M27";"nietNodig";"NL11_Botshol";0.25;"2020"
"BOT164_MEA_2020";"NL11";"dummyMeetpuntVoorToetsing";123241;473642;"M27";"nietNodig";"NL11_Botshol";0.25;"2020"
"BOT275_MEA_2020";"NL11";"dummyMeetpuntVoorToetsing";123516;474058;"M27";"nietNodig";"NL11_Botshol";0.25;"2020"
"BOT294_MEA_2020";"NL11";"dummyMeetpuntVoorToetsing";123935;473739;"M27";"nietNodig";"NL11_Botshol";0.25;"2020"
"PZH109_MEA_2006";"NL11";"dummyMeetpuntVoorToetsing";114930;466379;"M1a";"nietNodig";"NL11_VaartenZevenhoven";0.392056154587497;"2006"
"PZH105_MEA_2006";"NL11";"dummyMeetpuntVoorToetsing";114073.7823;467369.3542;"M1a";"nietNodig";"NL11_VaartenZevenhoven";0.392056154587497;"2006"
"PZH105_MEA_2009";"NL11";"dummyMeetpuntVoorToetsing";114073.7823;467369.3542;"M1a";"nietNodig";"NL11_VaartenZevenhoven";0.112016044167856;"2009"
"PZH106_MEA_2009";"NL11";"dummyMeetpuntVoorToetsing";113619;468574;"M1a";"nietNodig";"NL11_VaartenZevenhoven";0.112016044167856;"2009"
"PZH116_MEA_2009";"NL11";"dummyMeetpuntVoorToetsing";116500.5953;465160.3505;"M1a";"nietNodig";"NL11_VaartenZevenhoven";0.112016044167856;"2009"
"PZH101_MEA_2009";"NL11";"dummyMeetpuntVoorToetsing";116481.3542;465203.1052;"M1a";"nietNodig";"NL11_VaartenZevenhoven";0.112016044167856;"2009"
"PZH102_MEA_2009";"NL11";"dummyMeetpuntVoorToetsing";116547.8208;466719.5255;"M1a";"nietNodig";"NL11_VaartenZevenhoven";0.112016044167856;"2009"
"PZH103_MEA_2009";"NL11";"dummyMeetpuntVoorToetsing";115446.463;466211.899;"M1a";"nietNodig";"NL11_VaartenZevenhoven";0.112016044167856;"2009"
"PZH104_MEA_2009";"NL11";"dummyMeetpuntVoorToetsing";114465;466327;"M1a";"nietNodig";"NL11_VaartenZevenhoven";0.112016044167856;"2009"
"PZH109_MEA_2012";"NL11";"dummyMeetpuntVoorToetsing";114930;466379;"M1a";"nietNodig";"NL11_VaartenZevenhoven";0.784112309174995;"2012"
"PZH107_MEA_2006";"NL11";"dummyMeetpuntVoorToetsing";114042.6109;467516.537;"M1a";"nietNodig";"NL11_VaartenZevenhoven";0.139926738381791;"2006"
"PZH107_MEA_2012";"NL11";"dummyMeetpuntVoorToetsing";114042.6109;467516.537;"M1a";"nietNodig";"NL11_VaartenZevenhoven";0.139926738381791;"2012"
"PZH108_MEA_2006";"NL11";"dummyMeetpuntVoorToetsing";113906.4943;466475.3656;"M1a";"nietNodig";"NL11_VaartenZevenhoven";0.0759609524432138;"2006"
"PZH108_MEA_2012";"NL11";"dummyMeetpuntVoorToetsing";113906.4943;466475.3656;"M1a";"nietNodig";"NL11_VaartenZevenhoven";0.0759609524432138;"2012"
"NBW163_MEA_2020";"NL11";"dummyMeetpuntVoorToetsing";119177.1533;463615.7083;"M10";"nietNodig";"NL11_Westveen";1;"2020"
"VEC100_MEA_2008";"NL11";"dummyMeetpuntVoorToetsing";134179;478568;"M7b";"nietNodig";"NL11_Vecht";0.246894681275968;"2008"
"VEC007_MEA_2008";"NL11";"dummyMeetpuntVoorToetsing";132984;482086;"M7b";"nietNodig";"NL11_Vecht";0.246894681275968;"2008"
"VEC100_MEA_2009";"NL11";"dummyMeetpuntVoorToetsing";134179;478568;"M7b";"nietNodig";"NL11_Vecht";0.246894681275968;"2009"
"VEC170_MEA_2009";"NL11";"dummyMeetpuntVoorToetsing";133039.9038;482054.825;"M7b";"nietNodig";"NL11_Vecht";0.246894681275968;"2009"
"VEC170_MEA_2010";"NL11";"dummyMeetpuntVoorToetsing";133039.9038;482054.825;"M7b";"nietNodig";"NL11_Vecht";0.246894681275968;"2010"
"VEC100_MEA_2010";"NL11";"dummyMeetpuntVoorToetsing";134179;478568;"M7b";"nietNodig";"NL11_Vecht";0.246894681275968;"2010"
"VEC100_MEA_2014";"NL11";"dummyMeetpuntVoorToetsing";134179;478568;"M7b";"nietNodig";"NL11_Vecht";0.246894681275968;"2014"
"VEC170_MEA_2014";"NL11";"dummyMeetpuntVoorToetsing";133039.9038;482054.825;"M7b";"nietNodig";"NL11_Vecht";0.246894681275968;"2014"
"VEC100_MEA_2020";"NL11";"dummyMeetpuntVoorToetsing";134179;478568;"M7b";"nietNodig";"NL11_Vecht";0.246894681275968;"2020"
"VEC170_MEA_2020";"NL11";"dummyMeetpuntVoorToetsing";133039.9038;482054.825;"M7b";"nietNodig";"NL11_Vecht";0.246894681275968;"2020"
"VEC015_MEA_2008";"NL11";"dummyMeetpuntVoorToetsing";130880;472175;"M7b";"nietNodig";"NL11_Vecht";0.147566746873321;"2008"
"VEC101_MEA_2008";"NL11";"dummyMeetpuntVoorToetsing";130303.0625;475776.7083;"M7b";"nietNodig";"NL11_Vecht";0.147566746873321;"2008"
"VEC102_MEA_2008";"NL11";"dummyMeetpuntVoorToetsing";128868;467182;"M7b";"nietNodig";"NL11_Vecht";0.147566746873321;"2008"
"VEC101_MEA_2009";"NL11";"dummyMeetpuntVoorToetsing";130303.0625;475776.7083;"M7b";"nietNodig";"NL11_Vecht";0.147566746873321;"2009"
"VEC015_MEA_2009";"NL11";"dummyMeetpuntVoorToetsing";130880;472175;"M7b";"nietNodig";"NL11_Vecht";0.147566746873321;"2009"
"VEC102_MEA_2009";"NL11";"dummyMeetpuntVoorToetsing";128868;467182;"M7b";"nietNodig";"NL11_Vecht";0.147566746873321;"2009"
"VEC101_MEA_2010";"NL11";"dummyMeetpuntVoorToetsing";130303.0625;475776.7083;"M7b";"nietNodig";"NL11_Vecht";0.147566746873321;"2010"
"VEC015_MEA_2010";"NL11";"dummyMeetpuntVoorToetsing";130880;472175;"M7b";"nietNodig";"NL11_Vecht";0.147566746873321;"2010"
"VEC102_MEA_2010";"NL11";"dummyMeetpuntVoorToetsing";128868;467182;"M7b";"nietNodig";"NL11_Vecht";0.147566746873321;"2010"
"VEC101_MEA_2014";"NL11";"dummyMeetpuntVoorToetsing";130303.0625;475776.7083;"M7b";"nietNodig";"NL11_Vecht";0.147566746873321;"2014"
"VEC015_MEA_2014";"NL11";"dummyMeetpuntVoorToetsing";130880;472175;"M7b";"nietNodig";"NL11_Vecht";0.147566746873321;"2014"
"VEC102_MEA_2014";"NL11";"dummyMeetpuntVoorToetsing";128868;467182;"M7b";"nietNodig";"NL11_Vecht";0.147566746873321;"2014"
"VEC101_MEA_2020";"NL11";"dummyMeetpuntVoorToetsing";130303.0625;475776.7083;"M7b";"nietNodig";"NL11_Vecht";0.147566746873321;"2020"
"VEC015_MEA_2020";"NL11";"dummyMeetpuntVoorToetsing";130880;472175;"M7b";"nietNodig";"NL11_Vecht";0.147566746873321;"2020"
"VEC102_MEA_2020";"NL11";"dummyMeetpuntVoorToetsing";128868;467182;"M7b";"nietNodig";"NL11_Vecht";0.147566746873321;"2020"
"VEC103_MEA_2008";"NL11";"dummyMeetpuntVoorToetsing";132703.7156;460632.475;"M7b";"nietNodig";"NL11_Vecht";0.0635103968281028;"2008"
"VEC103_MEA_2009";"NL11";"dummyMeetpuntVoorToetsing";132703.7156;460632.475;"M7b";"nietNodig";"NL11_Vecht";0.0635103968281028;"2009"
"VEC103_MEA_2010";"NL11";"dummyMeetpuntVoorToetsing";132703.7156;460632.475;"M7b";"nietNodig";"NL11_Vecht";0.0635103968281028;"2010"
"VEC103_MEA_2014";"NL11";"dummyMeetpuntVoorToetsing";132703.7156;460632.475;"M7b";"nietNodig";"NL11_Vecht";0.0635103968281028;"2014"
"VEC103_MEA_2020";"NL11";"dummyMeetpuntVoorToetsing";132703.7156;460632.475;"M7b";"nietNodig";"NL11_Vecht";0.0635103968281028;"2020"
"NAP106_MEA_2008";"NL11";"dummyMeetpuntVoorToetsing";135485.9487;480244.1962;"M14";"nietNodig";"NL11_Naardermeer";0.0448849599800957;"2008"
"NAP105_MEA_2008";"NL11";"dummyMeetpuntVoorToetsing";135559.1253;480102.0465;"M14";"nietNodig";"NL11_Naardermeer";0.0448849599800957;"2008"
"NAP100_MEA_2008";"NL11";"dummyMeetpuntVoorToetsing";135480;479750;"M14";"nietNodig";"NL11_Naardermeer";0.0448849599800957;"2008"
"NAP100_MEA_2009";"NL11";"dummyMeetpuntVoorToetsing";135480;479750;"M14";"nietNodig";"NL11_Naardermeer";0.0673274399701436;"2009"
"NAP106_MEA_2009";"NL11";"dummyMeetpuntVoorToetsing";135485.9487;480244.1962;"M14";"nietNodig";"NL11_Naardermeer";0.0673274399701436;"2009"
"NAP100_MEA_2010";"NL11";"dummyMeetpuntVoorToetsing";135480;479750;"M14";"nietNodig";"NL11_Naardermeer";0.0673274399701436;"2010"
"NAP106_MEA_2010";"NL11";"dummyMeetpuntVoorToetsing";135485.9487;480244.1962;"M14";"nietNodig";"NL11_Naardermeer";0.0673274399701436;"2010"
"NAP105_MEA_2011";"NL11";"dummyMeetpuntVoorToetsing";135559.1253;480102.0465;"M14";"nietNodig";"NL11_Naardermeer";0.0448849599800957;"2011"
"NAP100_MEA_2011";"NL11";"dummyMeetpuntVoorToetsing";135480;479750;"M14";"nietNodig";"NL11_Naardermeer";0.0448849599800957;"2011"
"NAP106_MEA_2011";"NL11";"dummyMeetpuntVoorToetsing";135485.9487;480244.1962;"M14";"nietNodig";"NL11_Naardermeer";0.0448849599800957;"2011"
"NAP105_MEA_2014";"NL11";"dummyMeetpuntVoorToetsing";135559.1253;480102.0465;"M14";"nietNodig";"NL11_Naardermeer";0.0673274399701436;"2014"
"NAP100_MEA_2014";"NL11";"dummyMeetpuntVoorToetsing";135480;479750;"M14";"nietNodig";"NL11_Naardermeer";0.0673274399701436;"2014"
"NAP105_MEA_2018";"NL11";"dummyMeetpuntVoorToetsing";135559.1253;480102.0465;"M14";"nietNodig";"NL11_Naardermeer";0.0673274399701436;"2018"
"NAP100_MEA_2018";"NL11";"dummyMeetpuntVoorToetsing";135480;479750;"M14";"nietNodig";"NL11_Naardermeer";0.0673274399701436;"2018"
"NAP255_MEA_2021";"NL11";"dummyMeetpuntVoorToetsing";135573;479241;"M14";"nietNodig";"NL11_Naardermeer";0.0448849599800957;"2021"
"NAP230_MEA_2021";"NL11";"dummyMeetpuntVoorToetsing";136021;479325;"M14";"nietNodig";"NL11_Naardermeer";0.0448849599800957;"2021"
"NAP100_MEA_2021";"NL11";"dummyMeetpuntVoorToetsing";135480;479750;"M14";"nietNodig";"NL11_Naardermeer";0.0448849599800957;"2021"
"NAP101_MEA_2008";"NL11";"dummyMeetpuntVoorToetsing";136060;479400;"M14";"nietNodig";"NL11_Naardermeer";0.187735537846484;"2008"
"NAP102_MEA_2008";"NL11";"dummyMeetpuntVoorToetsing";136371.0067;478987.7258;"M14";"nietNodig";"NL11_Naardermeer";0.187735537846484;"2008"
"NAP101_MEA_2009";"NL11";"dummyMeetpuntVoorToetsing";136060;479400;"M14";"nietNodig";"NL11_Naardermeer";0.125157025230989;"2009"
"NAP102_MEA_2009";"NL11";"dummyMeetpuntVoorToetsing";136371.0067;478987.7258;"M14";"nietNodig";"NL11_Naardermeer";0.125157025230989;"2009"
"NAP244_MEA_2009";"NL11";"dummyMeetpuntVoorToetsing";136460;480093;"M14";"nietNodig";"NL11_Naardermeer";0.125157025230989;"2009"
"NAP101_MEA_2010";"NL11";"dummyMeetpuntVoorToetsing";136060;479400;"M14";"nietNodig";"NL11_Naardermeer";0.125157025230989;"2010"
"NAP102_MEA_2010";"NL11";"dummyMeetpuntVoorToetsing";136371.0067;478987.7258;"M14";"nietNodig";"NL11_Naardermeer";0.125157025230989;"2010"
"NAP244_MEA_2010";"NL11";"dummyMeetpuntVoorToetsing";136460;480093;"M14";"nietNodig";"NL11_Naardermeer";0.125157025230989;"2010"
"NAP101_MEA_2011";"NL11";"dummyMeetpuntVoorToetsing";136060;479400;"M14";"nietNodig";"NL11_Naardermeer";0.187735537846484;"2011"
"NAP234_MEA_2011";"NL11";"dummyMeetpuntVoorToetsing";136771;478874;"M14";"nietNodig";"NL11_Naardermeer";0.187735537846484;"2011"
"NAP102_MEA_2014";"NL11";"dummyMeetpuntVoorToetsing";136371.0067;478987.7258;"M14";"nietNodig";"NL11_Naardermeer";0.375471075692968;"2014"
"NAP234_MEA_2018";"NL11";"dummyMeetpuntVoorToetsing";136771;478874;"M14";"nietNodig";"NL11_Naardermeer";0.125157025230989;"2018"
"NAP102_MEA_2018";"NL11";"dummyMeetpuntVoorToetsing";136371.0067;478987.7258;"M14";"nietNodig";"NL11_Naardermeer";0.125157025230989;"2018"
"NAP244_MEA_2018";"NL11";"dummyMeetpuntVoorToetsing";136460;480093;"M14";"nietNodig";"NL11_Naardermeer";0.125157025230989;"2018"
"NAP210_MEA_2021";"NL11";"dummyMeetpuntVoorToetsing";135910.8683;480146.5712;"M14";"nietNodig";"NL11_Naardermeer";0.093867768923242;"2021"
"NAP244_MEA_2021";"NL11";"dummyMeetpuntVoorToetsing";136460;480093;"M14";"nietNodig";"NL11_Naardermeer";0.093867768923242;"2021"
"NAP234_MEA_2021";"NL11";"dummyMeetpuntVoorToetsing";136771;478874;"M14";"nietNodig";"NL11_Naardermeer";0.093867768923242;"2021"
"NAP214_MEA_2021";"NL11";"dummyMeetpuntVoorToetsing";136379;478962;"M14";"nietNodig";"NL11_Naardermeer";0.093867768923242;"2021"
"NAP219_MEA_2014";"NL11";"dummyMeetpuntVoorToetsing";137404;478591;"M14";"nietNodig";"NL11_Naardermeer";0.239920412971657;"2014"
"NAP219_MEA_2018";"NL11";"dummyMeetpuntVoorToetsing";137404;478591;"M14";"nietNodig";"NL11_Naardermeer";0.119960206485828;"2018"
"NAP258_MEA_2018";"NL11";"dummyMeetpuntVoorToetsing";136821;478310;"M14";"nietNodig";"NL11_Naardermeer";0.119960206485828;"2018"
"NAP221_MEA_2021";"NL11";"dummyMeetpuntVoorToetsing";137070;478156;"M14";"nietNodig";"NL11_Naardermeer";0.0799734709905522;"2021"
"NAP258_MEA_2021";"NL11";"dummyMeetpuntVoorToetsing";136821;478310;"M14";"nietNodig";"NL11_Naardermeer";0.0799734709905522;"2021"
"NAP219_MEA_2021";"NL11";"dummyMeetpuntVoorToetsing";137404;478591;"M14";"nietNodig";"NL11_Naardermeer";0.0799734709905522;"2021"
"NAP103_MEA_2008";"NL11";"dummyMeetpuntVoorToetsing";136400;477900;"M14";"nietNodig";"NL11_Naardermeer";0.0944660480274953;"2008"
"NAP103_MEA_2009";"NL11";"dummyMeetpuntVoorToetsing";136400;477900;"M14";"nietNodig";"NL11_Naardermeer";0.0944660480274953;"2009"
"NAP103_MEA_2010";"NL11";"dummyMeetpuntVoorToetsing";136400;477900;"M14";"nietNodig";"NL11_Naardermeer";0.0944660480274953;"2010"
"NAP235_MEA_2011";"NL11";"dummyMeetpuntVoorToetsing";136302.4504;478151.6771;"M14";"nietNodig";"NL11_Naardermeer";0.0944660480274953;"2011"
"NAP235_MEA_2014";"NL11";"dummyMeetpuntVoorToetsing";136302.4504;478151.6771;"M14";"nietNodig";"NL11_Naardermeer";0.0944660480274953;"2014"
"NAP235_MEA_2018";"NL11";"dummyMeetpuntVoorToetsing";136302.4504;478151.6771;"M14";"nietNodig";"NL11_Naardermeer";0.0472330240137477;"2018"
"NAP103_MEA_2018";"NL11";"dummyMeetpuntVoorToetsing";136400;477900;"M14";"nietNodig";"NL11_Naardermeer";0.0472330240137477;"2018"
"NAP103_MEA_2021";"NL11";"dummyMeetpuntVoorToetsing";136400;477900;"M14";"nietNodig";"NL11_Naardermeer";0.0472330240137477;"2021"
"NAP235_MEA_2021";"NL11";"dummyMeetpuntVoorToetsing";136302.4504;478151.6771;"M14";"nietNodig";"NL11_Naardermeer";0.0472330240137477;"2021"
"NAP104_MEA_2008";"NL11";"dummyMeetpuntVoorToetsing";137480;477580;"M14";"nietNodig";"NL11_Naardermeer";0.147568141541802;"2008"
"NAP104_MEA_2009";"NL11";"dummyMeetpuntVoorToetsing";137480;477580;"M14";"nietNodig";"NL11_Naardermeer";0.147568141541802;"2009"
"NAP104_MEA_2010";"NL11";"dummyMeetpuntVoorToetsing";137480;477580;"M14";"nietNodig";"NL11_Naardermeer";0.147568141541802;"2010"
"NAP104_MEA_2011";"NL11";"dummyMeetpuntVoorToetsing";137480;477580;"M14";"nietNodig";"NL11_Naardermeer";0.147568141541802;"2011"
"NAP104_MEA_2014";"NL11";"dummyMeetpuntVoorToetsing";137480;477580;"M14";"nietNodig";"NL11_Naardermeer";0.147568141541802;"2014"
"NAP227_MEA_2018";"NL11";"dummyMeetpuntVoorToetsing";137327;477331;"M14";"nietNodig";"NL11_Naardermeer";0.0737840707709012;"2018"
"NAP282_MEA_2018";"NL11";"dummyMeetpuntVoorToetsing";137428.6344;477562.7253;"M14";"nietNodig";"NL11_Naardermeer";0.0737840707709012;"2018"
"NAP104_MEA_2021";"NL11";"dummyMeetpuntVoorToetsing";137480;477580;"M14";"nietNodig";"NL11_Naardermeer";0.0737840707709012;"2021"
"NAP227_MEA_2021";"NL11";"dummyMeetpuntVoorToetsing";137327;477331;"M14";"nietNodig";"NL11_Naardermeer";0.0737840707709012;"2021"
"NAP247_MEA_2021";"NL11";"dummyMeetpuntVoorToetsing";138115;478235;"M14";"nietNodig";"NL11_Naardermeer";0.00791944182579033;"2021"
"SBP175_MEA_2006";"NL11";"dummyMeetpuntVoorToetsing";132513.4782;476355.1756;"M20";"nietNodig";"NL11_Spiegelplas";1;"2006"
"SBP116_MEA_2010";"NL11";"dummyMeetpuntVoorToetsing";133176;475174;"M20";"nietNodig";"NL11_Spiegelplas";0.2;"2010"
"SBP175_MEA_2010";"NL11";"dummyMeetpuntVoorToetsing";132513.4782;476355.1756;"M20";"nietNodig";"NL11_Spiegelplas";0.2;"2010"
"SBP183_MEA_2010";"NL11";"dummyMeetpuntVoorToetsing";133444;476234;"M20";"nietNodig";"NL11_Spiegelplas";0.2;"2010"
"SBP130_MEA_2010";"NL11";"dummyMeetpuntVoorToetsing";133071;475021;"M20";"nietNodig";"NL11_Spiegelplas";0.2;"2010"
"SBP201_MEA_2010";"NL11";"dummyMeetpuntVoorToetsing";131946;475408;"M20";"nietNodig";"NL11_Spiegelplas";0.2;"2010"
"SBP175_MEA_2012";"NL11";"dummyMeetpuntVoorToetsing";132513.4782;476355.1756;"M20";"nietNodig";"NL11_Spiegelplas";0.25;"2012"
"SBP192_MEA_2012";"NL11";"dummyMeetpuntVoorToetsing";132676;476433;"M20";"nietNodig";"NL11_Spiegelplas";0.25;"2012"
"SBP130_MEA_2012";"NL11";"dummyMeetpuntVoorToetsing";133071;475021;"M20";"nietNodig";"NL11_Spiegelplas";0.25;"2012"
"SBP183_MEA_2012";"NL11";"dummyMeetpuntVoorToetsing";133444;476234;"M20";"nietNodig";"NL11_Spiegelplas";0.25;"2012"
"SAP104_MEA_2006";"NL11";"dummyMeetpuntVoorToetsing";134780;475400;"M27";"nietNodig";"NL11_StichtsAnkeveen";0.390031676895664;"2006"
"SAP102_MEA_2006";"NL11";"dummyMeetpuntVoorToetsing";133963;476129;"M27";"nietNodig";"NL11_StichtsAnkeveen";0.390031676895664;"2006"
"SAP104_MEA_2012";"NL11";"dummyMeetpuntVoorToetsing";134780;475400;"M27";"nietNodig";"NL11_StichtsAnkeveen";0.260021117930443;"2012"
"SAP101_MEA_2012";"NL11";"dummyMeetpuntVoorToetsing";134362.3867;475997.2158;"M27";"nietNodig";"NL11_StichtsAnkeveen";0.260021117930443;"2012"
"SAP102_MEA_2012";"NL11";"dummyMeetpuntVoorToetsing";133963;476129;"M27";"nietNodig";"NL11_StichtsAnkeveen";0.260021117930443;"2012"
"SAP185_MEA_2022";"NL11";"dummyMeetpuntVoorToetsing";133471;475250;"M27";"nietNodig";"NL11_StichtsAnkeveen";0.260021117930443;"2022"
"SAP126_MEA_2022";"NL11";"dummyMeetpuntVoorToetsing";134711;475360;"M27";"nietNodig";"NL11_StichtsAnkeveen";0.260021117930443;"2022"
"SAP168_MEA_2022";"NL11";"dummyMeetpuntVoorToetsing";134362;475961;"M27";"nietNodig";"NL11_StichtsAnkeveen";0.260021117930443;"2022"
"SAP103_MEA_2006";"NL11";"dummyMeetpuntVoorToetsing";134006;475058;"M27";"nietNodig";"NL11_StichtsAnkeveen";0.219936646208672;"2006"
"SAP100_MEA_2012";"NL11";"dummyMeetpuntVoorToetsing";134163.2008;474794.6567;"M27";"nietNodig";"NL11_StichtsAnkeveen";0.109968323104336;"2012"
"SAP103_MEA_2012";"NL11";"dummyMeetpuntVoorToetsing";134006;475058;"M27";"nietNodig";"NL11_StichtsAnkeveen";0.109968323104336;"2012"
"SAP100_MEA_2022";"NL11";"dummyMeetpuntVoorToetsing";134163.2008;474794.6567;"M27";"nietNodig";"NL11_StichtsAnkeveen";0.109968323104336;"2022"
"SAP103_MEA_2022";"NL11";"dummyMeetpuntVoorToetsing";134006;475058;"M27";"nietNodig";"NL11_StichtsAnkeveen";0.109968323104336;"2022"
"PKH020_MEA_2006";"NL11";"dummyMeetpuntVoorToetsing";134075;470101;"M27";"nietNodig";"NL11_HetHol";1;"2006"
"PKH312_MEA_2010";"NL11";"dummyMeetpuntVoorToetsing";134287;469908;"M27";"nietNodig";"NL11_HetHol";0.333333333333333;"2010"
"PKH271_MEA_2010";"NL11";"dummyMeetpuntVoorToetsing";134163;470168;"M27";"nietNodig";"NL11_HetHol";0.333333333333333;"2010"
"PKH397_MEA_2010";"NL11";"dummyMeetpuntVoorToetsing";135194.6771;470572.7667;"M27";"nietNodig";"NL11_HetHol";0.333333333333333;"2010"
"PKH312_MEA_2012";"NL11";"dummyMeetpuntVoorToetsing";134287;469908;"M27";"nietNodig";"NL11_HetHol";0.333333333333333;"2012"
"PKH271_MEA_2012";"NL11";"dummyMeetpuntVoorToetsing";134163;470168;"M27";"nietNodig";"NL11_HetHol";0.333333333333333;"2012"
"PKH043_MEA_2012";"NL11";"dummyMeetpuntVoorToetsing";135467;470502;"M27";"nietNodig";"NL11_HetHol";0.333333333333333;"2012"
"PKH272_MEA_2022";"NL11";"dummyMeetpuntVoorToetsing";134067;470224;"M27";"nietNodig";"NL11_HetHol";0.333333333333333;"2022"
"PKH405_MEA_2022";"NL11";"dummyMeetpuntVoorToetsing";134336;469857;"M27";"nietNodig";"NL11_HetHol";0.333333333333333;"2022"
"PKH043_MEA_2022";"NL11";"dummyMeetpuntVoorToetsing";135467;470502;"M27";"nietNodig";"NL11_HetHol";0.333333333333333;"2022"
"PKH306_MEA_2006";"NL11";"dummyMeetpuntVoorToetsing";132455;470293;"M20";"nietNodig";"NL11_WijdeBlik";1;"2006"
"PKH100_MEA_2008";"NL11";"dummyMeetpuntVoorToetsing";133622;471112;"M20";"nietNodig";"NL11_WijdeBlik";0.166666666666667;"2008"
"PKH102_MEA_2008";"NL11";"dummyMeetpuntVoorToetsing";132611;470156;"M20";"nietNodig";"NL11_WijdeBlik";0.166666666666667;"2008"
"PKH104_MEA_2008";"NL11";"dummyMeetpuntVoorToetsing";131780;471107;"M20";"nietNodig";"NL11_WijdeBlik";0.166666666666667;"2008"
"PKH105_MEA_2008";"NL11";"dummyMeetpuntVoorToetsing";132149;471762;"M20";"nietNodig";"NL11_WijdeBlik";0.166666666666667;"2008"
"PKH103_MEA_2008";"NL11";"dummyMeetpuntVoorToetsing";131728;470641;"M20";"nietNodig";"NL11_WijdeBlik";0.166666666666667;"2008"
"PKH101_MEA_2008";"NL11";"dummyMeetpuntVoorToetsing";133311;470755;"M20";"nietNodig";"NL11_WijdeBlik";0.166666666666667;"2008"
"PKH100_MEA_2009";"NL11";"dummyMeetpuntVoorToetsing";133622;471112;"M20";"nietNodig";"NL11_WijdeBlik";0.166666666666667;"2009"
"PKH101_MEA_2009";"NL11";"dummyMeetpuntVoorToetsing";133311;470755;"M20";"nietNodig";"NL11_WijdeBlik";0.166666666666667;"2009"
"PKH102_MEA_2009";"NL11";"dummyMeetpuntVoorToetsing";132611;470156;"M20";"nietNodig";"NL11_WijdeBlik";0.166666666666667;"2009"
"PKH105_MEA_2009";"NL11";"dummyMeetpuntVoorToetsing";132149;471762;"M20";"nietNodig";"NL11_WijdeBlik";0.166666666666667;"2009"
"PKH103_MEA_2009";"NL11";"dummyMeetpuntVoorToetsing";131728;470641;"M20";"nietNodig";"NL11_WijdeBlik";0.166666666666667;"2009"
"PKH104_MEA_2009";"NL11";"dummyMeetpuntVoorToetsing";131780;471107;"M20";"nietNodig";"NL11_WijdeBlik";0.166666666666667;"2009"
"PKH105_MEA_2011";"NL11";"dummyMeetpuntVoorToetsing";132149;471762;"M20";"nietNodig";"NL11_WijdeBlik";0.125;"2011"
"PKH100_MEA_2011";"NL11";"dummyMeetpuntVoorToetsing";133622;471112;"M20";"nietNodig";"NL11_WijdeBlik";0.125;"2011"
"PKH101_MEA_2011";"NL11";"dummyMeetpuntVoorToetsing";133311;470755;"M20";"nietNodig";"NL11_WijdeBlik";0.125;"2011"
"PKH104_MEA_2011";"NL11";"dummyMeetpuntVoorToetsing";131780;471107;"M20";"nietNodig";"NL11_WijdeBlik";0.125;"2011"
"PKH102_MEA_2011";"NL11";"dummyMeetpuntVoorToetsing";132611;470156;"M20";"nietNodig";"NL11_WijdeBlik";0.125;"2011"
"PKH314_MEA_2011";"NL11";"dummyMeetpuntVoorToetsing";131942;470647;"M20";"nietNodig";"NL11_WijdeBlik";0.125;"2011"
"PKH103_MEA_2011";"NL11";"dummyMeetpuntVoorToetsing";131728;470641;"M20";"nietNodig";"NL11_WijdeBlik";0.125;"2011"
"PKH313_MEA_2011";"NL11";"dummyMeetpuntVoorToetsing";131772;470753;"M20";"nietNodig";"NL11_WijdeBlik";0.125;"2011"
"PKH105_MEA_2014";"NL11";"dummyMeetpuntVoorToetsing";132149;471762;"M20";"nietNodig";"NL11_WijdeBlik";0.2;"2014"
"PKH100_MEA_2014";"NL11";"dummyMeetpuntVoorToetsing";133622;471112;"M20";"nietNodig";"NL11_WijdeBlik";0.2;"2014"
"PKH104_MEA_2014";"NL11";"dummyMeetpuntVoorToetsing";131780;471107;"M20";"nietNodig";"NL11_WijdeBlik";0.2;"2014"
"PKH101_MEA_2014";"NL11";"dummyMeetpuntVoorToetsing";133311;470755;"M20";"nietNodig";"NL11_WijdeBlik";0.2;"2014"
"PKH102_MEA_2014";"NL11";"dummyMeetpuntVoorToetsing";132611;470156;"M20";"nietNodig";"NL11_WijdeBlik";0.2;"2014"
"PKH107_MEA_2006";"NL11";"dummyMeetpuntVoorToetsing";135043;472381;"M27";"nietNodig";"NL11_WijdeGat";0.5;"2006"
"PKH108_MEA_2006";"NL11";"dummyMeetpuntVoorToetsing";134462;471954;"M27";"nietNodig";"NL11_WijdeGat";0.5;"2006"
"PKH324_MEA_2010";"NL11";"dummyMeetpuntVoorToetsing";134326;472052;"M27";"nietNodig";"NL11_WijdeGat";0.5;"2010"
"PKH107_MEA_2010";"NL11";"dummyMeetpuntVoorToetsing";135043;472381;"M27";"nietNodig";"NL11_WijdeGat";0.5;"2010"
"PKH107_MEA_2012";"NL11";"dummyMeetpuntVoorToetsing";135043;472381;"M27";"nietNodig";"NL11_WijdeGat";0.5;"2012"
"PKH108_MEA_2012";"NL11";"dummyMeetpuntVoorToetsing";134462;471954;"M27";"nietNodig";"NL11_WijdeGat";0.5;"2012"
"PKH240_MEA_2022";"NL11";"dummyMeetpuntVoorToetsing";135104;472303;"M27";"nietNodig";"NL11_WijdeGat";0.5;"2022"
"PKH324_MEA_2022";"NL11";"dummyMeetpuntVoorToetsing";134326;472052;"M27";"nietNodig";"NL11_WijdeGat";0.5;"2022"
"PKH109_MEA_2006";"NL11";"dummyMeetpuntVoorToetsing";135253;470824;"M27";"nietNodig";"NL11_HilversumsKanaal";0.353786537151253;"2006"
"PKH317_MEA_2010";"NL11";"dummyMeetpuntVoorToetsing";135392;470944;"M27";"nietNodig";"NL11_HilversumsKanaal";0.353786537151253;"2010"
"PKH279_MEA_2012";"NL11";"dummyMeetpuntVoorToetsing";135387;470963;"M27";"nietNodig";"NL11_HilversumsKanaal";0.353786537151253;"2012"
"PKH279_MEA_2022";"NL11";"dummyMeetpuntVoorToetsing";135387;470963;"M27";"nietNodig";"NL11_HilversumsKanaal";0.353786537151253;"2022"
"PKH398_MEA_2022";"NL11";"dummyMeetpuntVoorToetsing";135913;470437;"M27";"nietNodig";"NL11_HilversumsKanaal";0.323106731424374;"2022"
"PKH356_MEA_2022";"NL11";"dummyMeetpuntVoorToetsing";133406;471629;"M27";"nietNodig";"NL11_HilversumsKanaal";0.323106731424374;"2022"
"MBP013_MEA_2006";"NL11";"dummyMeetpuntVoorToetsing";133724;468185;"M27";"nietNodig";"NL11_LoosdrechtsePlas1tm5";0.5;"2006"
"MBP014_MEA_2006";"NL11";"dummyMeetpuntVoorToetsing";131993;467179;"M27";"nietNodig";"NL11_LoosdrechtsePlas1tm5";0.5;"2006"
"MBP259_MEA_2014";"NL11";"dummyMeetpuntVoorToetsing";131377;467215;"M27";"nietNodig";"NL11_LoosdrechtsePlas1tm5";0.2;"2014"
"MBP699_MEA_2014";"NL11";"dummyMeetpuntVoorToetsing";131468;465936;"M27";"nietNodig";"NL11_LoosdrechtsePlas1tm5";0.2;"2014"
"MBP706_MEA_2014";"NL11";"dummyMeetpuntVoorToetsing";134758;467473;"M27";"nietNodig";"NL11_LoosdrechtsePlas1tm5";0.2;"2014"
"MBP704_MEA_2014";"NL11";"dummyMeetpuntVoorToetsing";133605.4262;467252.1594;"M27";"nietNodig";"NL11_LoosdrechtsePlas1tm5";0.2;"2014"
"MBP702_MEA_2014";"NL11";"dummyMeetpuntVoorToetsing";133181;464790;"M27";"nietNodig";"NL11_LoosdrechtsePlas1tm5";0.2;"2014"
"MBP456_MEA_2006";"NL11";"dummyMeetpuntVoorToetsing";135905;465979;"M10";"nietNodig";"NL11_Sterenzodden";0.256605305101567;"2006"
"MBP039_MEA_2010";"NL11";"dummyMeetpuntVoorToetsing";135531;466014;"M10";"nietNodig";"NL11_Sterenzodden";0.256605305101567;"2010"
"MBP039_MEA_2014";"NL11";"dummyMeetpuntVoorToetsing";135531;466014;"M10";"nietNodig";"NL11_Sterenzodden";0.128302652550784;"2014"
"MBP638_MEA_2014";"NL11";"dummyMeetpuntVoorToetsing";136517;466857;"M10";"nietNodig";"NL11_Sterenzodden";0.128302652550784;"2014"
"MBP039_MEA_2017";"NL11";"dummyMeetpuntVoorToetsing";135531;466014;"M10";"nietNodig";"NL11_Sterenzodden";0.128302652550784;"2017"
"MBP638_MEA_2017";"NL11";"dummyMeetpuntVoorToetsing";136517;466857;"M10";"nietNodig";"NL11_Sterenzodden";0.128302652550784;"2017"
"MBP453_MEA_2006";"NL11";"dummyMeetpuntVoorToetsing";135103.4125;468224.6038;"M10";"nietNodig";"NL11_Sterenzodden";0.449692612799892;"2006"
"MBP048_MEA_2010";"NL11";"dummyMeetpuntVoorToetsing";136288;468031;"M10";"nietNodig";"NL11_Sterenzodden";0.149897537599964;"2010"
"MBP681_MEA_2010";"NL11";"dummyMeetpuntVoorToetsing";135660.0188;468030.4769;"M10";"nietNodig";"NL11_Sterenzodden";0.149897537599964;"2010"
"MBP412_MEA_2010";"NL11";"dummyMeetpuntVoorToetsing";136174.8725;467392.9037;"M10";"nietNodig";"NL11_Sterenzodden";0.149897537599964;"2010"
"MBP602_MEA_2014";"NL11";"dummyMeetpuntVoorToetsing";136076.7239;468502.712;"M10";"nietNodig";"NL11_Sterenzodden";0.149897537599964;"2014"
"MBP412_MEA_2014";"NL11";"dummyMeetpuntVoorToetsing";136174.8725;467392.9037;"M10";"nietNodig";"NL11_Sterenzodden";0.149897537599964;"2014"
"MBP681_MEA_2014";"NL11";"dummyMeetpuntVoorToetsing";135660.0188;468030.4769;"M10";"nietNodig";"NL11_Sterenzodden";0.149897537599964;"2014"
"MBP681_MEA_2017";"NL11";"dummyMeetpuntVoorToetsing";135660.0188;468030.4769;"M10";"nietNodig";"NL11_Sterenzodden";0.149897537599964;"2017"
"MBP602_MEA_2017";"NL11";"dummyMeetpuntVoorToetsing";136076.7239;468502.712;"M10";"nietNodig";"NL11_Sterenzodden";0.149897537599964;"2017"
"MBP412_MEA_2017";"NL11";"dummyMeetpuntVoorToetsing";136174.8725;467392.9037;"M10";"nietNodig";"NL11_Sterenzodden";0.149897537599964;"2017"
"MBP455_MEA_2006";"NL11";"dummyMeetpuntVoorToetsing";131164;465506;"M27";"nietNodig";"NL11_Kievitsbuurt";0.588497730043989;"2006"
"MBP455_MEA_2014";"NL11";"dummyMeetpuntVoorToetsing";131164;465506;"M27";"nietNodig";"NL11_Kievitsbuurt";0.588497730043989;"2014"
"MBP502_MEA_2014";"NL11";"dummyMeetpuntVoorToetsing";131288;464604;"M27";"nietNodig";"NL11_Kievitsbuurt";0.411502269956011;"2014"
"MBP454_MEA_2006";"NL11";"dummyMeetpuntVoorToetsing";133690;466029;"M27";"nietNodig";"NL11_BreukeleveenschePlas";1;"2006"
"MBP454_MEA_2014";"NL11";"dummyMeetpuntVoorToetsing";133690;466029;"M27";"nietNodig";"NL11_BreukeleveenschePlas";1;"2014"
"MBP691_MEA_2020";"NL11";"dummyMeetpuntVoorToetsing";134858.1575;465519.9362;"M27";"nietNodig";"NL11_BreukeleveenschePlas";0.2;"2020"
"MBP332_MEA_2020";"NL11";"dummyMeetpuntVoorToetsing";133611;465876;"M27";"nietNodig";"NL11_BreukeleveenschePlas";0.2;"2020"
"MBP688_MEA_2020";"NL11";"dummyMeetpuntVoorToetsing";133774;465062;"M27";"nietNodig";"NL11_BreukeleveenschePlas";0.2;"2020"
"MBP356_MEA_2020";"NL11";"dummyMeetpuntVoorToetsing";134824;466248;"M27";"nietNodig";"NL11_BreukeleveenschePlas";0.2;"2020"
"MBP694_MEA_2020";"NL11";"dummyMeetpuntVoorToetsing";133965;466467;"M27";"nietNodig";"NL11_BreukeleveenschePlas";0.2;"2020"
"MBP006_MEA_2006";"NL11";"dummyMeetpuntVoorToetsing";134430;464823;"M27";"nietNodig";"NL11_TienhovensePlassen";0.460471282069231;"2006"
"MBP006_MEA_2008";"NL11";"dummyMeetpuntVoorToetsing";134430;464823;"M27";"nietNodig";"NL11_TienhovensePlassen";0.460471282069231;"2008"
"MBP006_MEA_2009";"NL11";"dummyMeetpuntVoorToetsing";134430;464823;"M27";"nietNodig";"NL11_TienhovensePlassen";0.15349042735641;"2009"
"MBP114_MEA_2009";"NL11";"dummyMeetpuntVoorToetsing";134599.4763;464923.2863;"M27";"nietNodig";"NL11_TienhovensePlassen";0.15349042735641;"2009"
"MBP115_MEA_2009";"NL11";"dummyMeetpuntVoorToetsing";134345;465056;"M27";"nietNodig";"NL11_TienhovensePlassen";0.15349042735641;"2009"
"MBP006_MEA_2011";"NL11";"dummyMeetpuntVoorToetsing";134430;464823;"M27";"nietNodig";"NL11_TienhovensePlassen";0.15349042735641;"2011"
"MBP115_MEA_2011";"NL11";"dummyMeetpuntVoorToetsing";134345;465056;"M27";"nietNodig";"NL11_TienhovensePlassen";0.15349042735641;"2011"
"MBP114_MEA_2011";"NL11";"dummyMeetpuntVoorToetsing";134599.4763;464923.2863;"M27";"nietNodig";"NL11_TienhovensePlassen";0.15349042735641;"2011"
"MBP006_MEA_2012";"NL11";"dummyMeetpuntVoorToetsing";134430;464823;"M27";"nietNodig";"NL11_TienhovensePlassen";0.460471282069231;"2012"
"MBP115_MEA_2014";"NL11";"dummyMeetpuntVoorToetsing";134345;465056;"M27";"nietNodig";"NL11_TienhovensePlassen";0.460471282069231;"2014"
"MBP045_MEA_2006";"NL11";"dummyMeetpuntVoorToetsing";134395;464536;"M27";"nietNodig";"NL11_TienhovensePlassen";0.539528717930769;"2006"
"MBP045_MEA_2008";"NL11";"dummyMeetpuntVoorToetsing";134395;464536;"M27";"nietNodig";"NL11_TienhovensePlassen";0.539528717930769;"2008"
"MBP112_MEA_2009";"NL11";"dummyMeetpuntVoorToetsing";134448.9892;464673.3392;"M27";"nietNodig";"NL11_TienhovensePlassen";0.179842905976923;"2009"
"MBP113_MEA_2009";"NL11";"dummyMeetpuntVoorToetsing";134508;464821;"M27";"nietNodig";"NL11_TienhovensePlassen";0.179842905976923;"2009"
"MBP753_MEA_2009";"NL11";"dummyMeetpuntVoorToetsing";134386;464785;"M27";"nietNodig";"NL11_TienhovensePlassen";0.179842905976923;"2009"
"MBP112_MEA_2011";"NL11";"dummyMeetpuntVoorToetsing";134448.9892;464673.3392;"M27";"nietNodig";"NL11_TienhovensePlassen";0.179842905976923;"2011"
"MBP113_MEA_2011";"NL11";"dummyMeetpuntVoorToetsing";134508;464821;"M27";"nietNodig";"NL11_TienhovensePlassen";0.179842905976923;"2011"
"MBP045_MEA_2011";"NL11";"dummyMeetpuntVoorToetsing";134395;464536;"M27";"nietNodig";"NL11_TienhovensePlassen";0.179842905976923;"2011"
"MBP753_MEA_2012";"NL11";"dummyMeetpuntVoorToetsing";134386;464785;"M27";"nietNodig";"NL11_TienhovensePlassen";0.539528717930769;"2012"
"MBP045_MEA_2014";"NL11";"dummyMeetpuntVoorToetsing";134395;464536;"M27";"nietNodig";"NL11_TienhovensePlassen";0.539528717930769;"2014"
"MBP016_MEA_2006";"NL11";"dummyMeetpuntVoorToetsing";133681;469332;"M27";"nietNodig";"NL11_Vuntus";1;"2006"
"MBP755_MEA_2010";"NL11";"dummyMeetpuntVoorToetsing";134235;469338;"M27";"nietNodig";"NL11_Vuntus";1;"2010"
"MBP755_MEA_2014";"NL11";"dummyMeetpuntVoorToetsing";134235;469338;"M27";"nietNodig";"NL11_Vuntus";0.5;"2014"
"MBP709_MEA_2014";"NL11";"dummyMeetpuntVoorToetsing";133320;469084;"M27";"nietNodig";"NL11_Vuntus";0.5;"2014"
"MBP452_MEA_2006";"NL11";"dummyMeetpuntVoorToetsing";135741;469355;"M10";"nietNodig";"NL11_Sterenzodden";0.293702082098541;"2006"
"MBP754_MEA_2010";"NL11";"dummyMeetpuntVoorToetsing";135669;469489;"M10";"nietNodig";"NL11_Sterenzodden";0.293702082098541;"2010"
"MBP754_MEA_2014";"NL11";"dummyMeetpuntVoorToetsing";135669;469489;"M10";"nietNodig";"NL11_Sterenzodden";0.293702082098541;"2014"
"MBP754_MEA_2017";"NL11";"dummyMeetpuntVoorToetsing";135669;469489;"M10";"nietNodig";"NL11_Sterenzodden";0.293702082098541;"2017"
"OBT131_MEA_2012";"NL11";"dummyMeetpuntVoorToetsing";136275.0583;464974.825;"M10";"nietNodig";"NL11_OostelijkeBinnenpolder";0.509647993436684;"2012"
"OBT131_MEA_2015";"NL11";"dummyMeetpuntVoorToetsing";136275.0583;464974.825;"M10";"nietNodig";"NL11_OostelijkeBinnenpolder";0.254823996718342;"2015"
"OBT101_MEA_2015";"NL11";"dummyMeetpuntVoorToetsing";135421.3758;465321.7667;"M10";"nietNodig";"NL11_OostelijkeBinnenpolder";0.254823996718342;"2015"
"OBT101_MEA_2021";"NL11";"dummyMeetpuntVoorToetsing";135421.3758;465321.7667;"M10";"nietNodig";"NL11_OostelijkeBinnenpolder";0.254823996718342;"2021"
"OBT109_MEA_2021";"NL11";"dummyMeetpuntVoorToetsing";136984;465597;"M10";"nietNodig";"NL11_OostelijkeBinnenpolder";0.254823996718342;"2021"
"OBT122_MEA_2012";"NL11";"dummyMeetpuntVoorToetsing";135936;465400;"M10";"nietNodig";"NL11_OostelijkeBinnenpolder";0.246755910436729;"2012"
"OBT122_MEA_2015";"NL11";"dummyMeetpuntVoorToetsing";135936;465400;"M10";"nietNodig";"NL11_OostelijkeBinnenpolder";0.246755910436729;"2015"
"OBT161_MEA_2021";"NL11";"dummyMeetpuntVoorToetsing";136029;465452;"M10";"nietNodig";"NL11_OostelijkeBinnenpolder";0.246755910436729;"2021"
"WLP111_MEA_2010";"NL11";"dummyMeetpuntVoorToetsing";132291;469975;"M20";"nietNodig";"NL11_Waterleidingplas";0.25;"2010"
"WLP179_MEA_2010";"NL11";"dummyMeetpuntVoorToetsing";132304;470091;"M20";"nietNodig";"NL11_Waterleidingplas";0.25;"2010"
"WLP001_MEA_2010";"NL11";"dummyMeetpuntVoorToetsing";131213;469140;"M20";"nietNodig";"NL11_Waterleidingplas";0.25;"2010"
"WLP125_MEA_2010";"NL11";"dummyMeetpuntVoorToetsing";131387;468550;"M20";"nietNodig";"NL11_Waterleidingplas";0.25;"2010"
"WLP001_MEA_2014";"NL11";"dummyMeetpuntVoorToetsing";131213;469140;"M20";"nietNodig";"NL11_Waterleidingplas";0.25;"2014"
"WLP111_MEA_2014";"NL11";"dummyMeetpuntVoorToetsing";132291;469975;"M20";"nietNodig";"NL11_Waterleidingplas";0.25;"2014"
"WLP125_MEA_2014";"NL11";"dummyMeetpuntVoorToetsing";131387;468550;"M20";"nietNodig";"NL11_Waterleidingplas";0.25;"2014"
"WLP106_MEA_2014";"NL11";"dummyMeetpuntVoorToetsing";131904;469123;"M20";"nietNodig";"NL11_Waterleidingplas";0.25;"2014"
"LVE100_MEA_2008";"NL11";"dummyMeetpuntVoorToetsing";131196;469591;"M27";"nietNodig";"NL11_TerraNova";0.0670853930029914;"2008"
"LVE101_MEA_2008";"NL11";"dummyMeetpuntVoorToetsing";131084;469494;"M27";"nietNodig";"NL11_TerraNova";0.0670853930029914;"2008"
"LVE011_MEA_2009";"NL11";"dummyMeetpuntVoorToetsing";131084;469494;"M27";"nietNodig";"NL11_TerraNova";0.0670853930029914;"2009"
"LVE010_MEA_2009";"NL11";"dummyMeetpuntVoorToetsing";131196;469591;"M27";"nietNodig";"NL11_TerraNova";0.0670853930029914;"2009"
"LVE100_MEA_2011";"NL11";"dummyMeetpuntVoorToetsing";131196;469591;"M27";"nietNodig";"NL11_TerraNova";0.0670853930029914;"2011"
"LVE101_MEA_2011";"NL11";"dummyMeetpuntVoorToetsing";131084;469494;"M27";"nietNodig";"NL11_TerraNova";0.0670853930029914;"2011"
"LVE101_MEA_2014";"NL11";"dummyMeetpuntVoorToetsing";131084;469494;"M27";"nietNodig";"NL11_TerraNova";0.134170786005983;"2014"
"LVE103_MEA_2008";"NL11";"dummyMeetpuntVoorToetsing";131884;470444;"M27";"nietNodig";"NL11_TerraNova";0.216457303498504;"2008"
"LVE105_MEA_2008";"NL11";"dummyMeetpuntVoorToetsing";131542;470130;"M27";"nietNodig";"NL11_TerraNova";0.216457303498504;"2008"
"LVE102_MEA_2008";"NL11";"dummyMeetpuntVoorToetsing";131258;469732;"M27";"nietNodig";"NL11_TerraNova";0.216457303498504;"2008"
"LVE104_MEA_2008";"NL11";"dummyMeetpuntVoorToetsing";131856;470300;"M27";"nietNodig";"NL11_TerraNova";0.216457303498504;"2008"
"LVE013_MEA_2009";"NL11";"dummyMeetpuntVoorToetsing";131884;470444;"M27";"nietNodig";"NL11_TerraNova";0.216457303498504;"2009"
"LVE014_MEA_2009";"NL11";"dummyMeetpuntVoorToetsing";131856;470300;"M27";"nietNodig";"NL11_TerraNova";0.216457303498504;"2009"
"LVE012_MEA_2009";"NL11";"dummyMeetpuntVoorToetsing";131258;469732;"M27";"nietNodig";"NL11_TerraNova";0.216457303498504;"2009"
"LVE015_MEA_2009";"NL11";"dummyMeetpuntVoorToetsing";131542;470130;"M27";"nietNodig";"NL11_TerraNova";0.216457303498504;"2009"
"LVE102_MEA_2011";"NL11";"dummyMeetpuntVoorToetsing";131258;469732;"M27";"nietNodig";"NL11_TerraNova";0.216457303498504;"2011"
"LVE104_MEA_2011";"NL11";"dummyMeetpuntVoorToetsing";131856;470300;"M27";"nietNodig";"NL11_TerraNova";0.216457303498504;"2011"
"LVE105_MEA_2011";"NL11";"dummyMeetpuntVoorToetsing";131542;470130;"M27";"nietNodig";"NL11_TerraNova";0.216457303498504;"2011"
"LVE103_MEA_2011";"NL11";"dummyMeetpuntVoorToetsing";131884;470444;"M27";"nietNodig";"NL11_TerraNova";0.216457303498504;"2011"
"LVE104_MEA_2014";"NL11";"dummyMeetpuntVoorToetsing";131856;470300;"M27";"nietNodig";"NL11_TerraNova";0.216457303498504;"2014"
"LVE105_MEA_2014";"NL11";"dummyMeetpuntVoorToetsing";131542;470130;"M27";"nietNodig";"NL11_TerraNova";0.216457303498504;"2014"
"LVE201_MEA_2014";"NL11";"dummyMeetpuntVoorToetsing";131168;470537;"M27";"nietNodig";"NL11_TerraNova";0.216457303498504;"2014"
"LVE103_MEA_2014";"NL11";"dummyMeetpuntVoorToetsing";131884;470444;"M27";"nietNodig";"NL11_TerraNova";0.216457303498504;"2014"
"LVO181_MEA_2010";"NL11";"dummyMeetpuntVoorToetsing";131990;469133;"M27";"nietNodig";"NL11_Loenderveenoost";0.333333333333333;"2010"
"LVO186_MEA_2010";"NL11";"dummyMeetpuntVoorToetsing";133135;469041;"M27";"nietNodig";"NL11_Loenderveenoost";0.333333333333333;"2010"
"LVO150_MEA_2010";"NL11";"dummyMeetpuntVoorToetsing";132106;468702;"M27";"nietNodig";"NL11_Loenderveenoost";0.333333333333333;"2010"
"LVO186_MEA_2014";"NL11";"dummyMeetpuntVoorToetsing";133135;469041;"M27";"nietNodig";"NL11_Loenderveenoost";0.25;"2014"
"LVO111_MEA_2014";"NL11";"dummyMeetpuntVoorToetsing";132846;470005;"M27";"nietNodig";"NL11_Loenderveenoost";0.25;"2014"
"LVO150_MEA_2014";"NL11";"dummyMeetpuntVoorToetsing";132106;468702;"M27";"nietNodig";"NL11_Loenderveenoost";0.25;"2014"
"LVO116_MEA_2014";"NL11";"dummyMeetpuntVoorToetsing";132831;468229;"M27";"nietNodig";"NL11_Loenderveenoost";0.25;"2014"
"PMW372_MEA_2006";"NL11";"dummyMeetpuntVoorToetsing";133705;462566;"M27";"nietNodig";"NL11_MaarsseveenseZoddenenomgeving";0.556978765337476;"2006"
"PMW440_MEA_2012";"NL11";"dummyMeetpuntVoorToetsing";133890;462589;"M27";"nietNodig";"NL11_MaarsseveenseZoddenenomgeving";0.556978765337476;"2012"
"PMW372_MEA_2015";"NL11";"dummyMeetpuntVoorToetsing";133705;462566;"M27";"nietNodig";"NL11_MaarsseveenseZoddenenomgeving";0.556978765337476;"2015"
"PMW372_MEA_2021";"NL11";"dummyMeetpuntVoorToetsing";133705;462566;"M27";"nietNodig";"NL11_MaarsseveenseZoddenenomgeving";0.278489382668738;"2021"
"PMW365_MEA_2021";"NL11";"dummyMeetpuntVoorToetsing";133457;462147;"M27";"nietNodig";"NL11_MaarsseveenseZoddenenomgeving";0.278489382668738;"2021"
"PMW374_MEA_2006";"NL11";"dummyMeetpuntVoorToetsing";134572;461652;"M20";"nietNodig";"NL11_GroteMaarsseveensep";1;"2006"
"PMW308_MEA_2010";"NL11";"dummyMeetpuntVoorToetsing";134059;461579;"M20";"nietNodig";"NL11_GroteMaarsseveensep";0.25;"2010"
"PMW374_MEA_2010";"NL11";"dummyMeetpuntVoorToetsing";134572;461652;"M20";"nietNodig";"NL11_GroteMaarsseveensep";0.25;"2010"
"PMW279_MEA_2010";"NL11";"dummyMeetpuntVoorToetsing";134974;460917;"M20";"nietNodig";"NL11_GroteMaarsseveensep";0.25;"2010"
"PMW303_MEA_2010";"NL11";"dummyMeetpuntVoorToetsing";134116;461812;"M20";"nietNodig";"NL11_GroteMaarsseveensep";0.25;"2010"
"PMW308_MEA_2014";"NL11";"dummyMeetpuntVoorToetsing";134059;461579;"M20";"nietNodig";"NL11_GroteMaarsseveensep";0.333333333333333;"2014"
"PMW374_MEA_2014";"NL11";"dummyMeetpuntVoorToetsing";134572;461652;"M20";"nietNodig";"NL11_GroteMaarsseveensep";0.333333333333333;"2014"
"PMW279_MEA_2014";"NL11";"dummyMeetpuntVoorToetsing";134974;460917;"M20";"nietNodig";"NL11_GroteMaarsseveensep";0.333333333333333;"2014"
"PMW308_MEA_2015";"NL11";"dummyMeetpuntVoorToetsing";134059;461579;"M20";"nietNodig";"NL11_GroteMaarsseveensep";1;"2015"
"PMW308_MEA_2021";"NL11";"dummyMeetpuntVoorToetsing";134059;461579;"M20";"nietNodig";"NL11_GroteMaarsseveensep";0.25;"2021"
"PMW279_MEA_2021";"NL11";"dummyMeetpuntVoorToetsing";134974;460917;"M20";"nietNodig";"NL11_GroteMaarsseveensep";0.25;"2021"
"PMW374_MEA_2021";"NL11";"dummyMeetpuntVoorToetsing";134572;461652;"M20";"nietNodig";"NL11_GroteMaarsseveensep";0.25;"2021"
"PMW259_MEA_2021";"NL11";"dummyMeetpuntVoorToetsing";133775;462013;"M20";"nietNodig";"NL11_GroteMaarsseveensep";0.25;"2021"
"PMW356_MEA_2015";"NL11";"dummyMeetpuntVoorToetsing";134314;462585;"M27";"nietNodig";"NL11_MaarsseveenseZoddenenomgeving";0.224880071717455;"2015"
"PMW356_MEA_2021";"NL11";"dummyMeetpuntVoorToetsing";134314;462585;"M27";"nietNodig";"NL11_MaarsseveenseZoddenenomgeving";0.224880071717455;"2021"
"PMW371_MEA_2006";"NL11";"dummyMeetpuntVoorToetsing";133879;462845;"M27";"nietNodig";"NL11_MaarsseveenseZoddenenomgeving";0.218141162945069;"2006"
"PMW371_MEA_2012";"NL11";"dummyMeetpuntVoorToetsing";133879;462845;"M27";"nietNodig";"NL11_MaarsseveenseZoddenenomgeving";0.218141162945069;"2012"
"PMW371_MEA_2021";"NL11";"dummyMeetpuntVoorToetsing";133879;462845;"M27";"nietNodig";"NL11_MaarsseveenseZoddenenomgeving";0.218141162945069;"2021"
"PMW373_MEA_2006";"NL11";"dummyMeetpuntVoorToetsing";135099;462009;"M27";"nietNodig";"NL11_MolenpolderenWestbroek";0.446230847732727;"2006"
"PMW026_MEA_2012";"NL11";"dummyMeetpuntVoorToetsing";134612;461974;"M27";"nietNodig";"NL11_MolenpolderenWestbroek";0.446230847732727;"2012"
"PMW353_MEA_2015";"NL11";"dummyMeetpuntVoorToetsing";135318;462167;"M27";"nietNodig";"NL11_MolenpolderenWestbroek";0.446230847732727;"2015"
"PMW353_MEA_2021";"NL11";"dummyMeetpuntVoorToetsing";135318;462167;"M27";"nietNodig";"NL11_MolenpolderenWestbroek";0.148743615910909;"2021"
"PMW532_MEA_2021";"NL11";"dummyMeetpuntVoorToetsing";135143.5448;462250.1697;"M27";"nietNodig";"NL11_MolenpolderenWestbroek";0.148743615910909;"2021"
"PMW339_MEA_2021";"NL11";"dummyMeetpuntVoorToetsing";134811;462329;"M27";"nietNodig";"NL11_MolenpolderenWestbroek";0.148743615910909;"2021"
"PMW532_MEA_2022";"NL11";"dummyMeetpuntVoorToetsing";135143.5448;462250.1697;"M27";"nietNodig";"NL11_MolenpolderenWestbroek";0.148743615910909;"2022"
"PMW353_MEA_2022";"NL11";"dummyMeetpuntVoorToetsing";135318;462167;"M27";"nietNodig";"NL11_MolenpolderenWestbroek";0.148743615910909;"2022"
"PMW339_MEA_2022";"NL11";"dummyMeetpuntVoorToetsing";134811;462329;"M27";"nietNodig";"NL11_MolenpolderenWestbroek";0.148743615910909;"2022"
"PMW223_MEA_2015";"NL11";"dummyMeetpuntVoorToetsing";137647;465270;"M27";"nietNodig";"NL11_MolenpolderenWestbroek";0.553769152267273;"2015"
"PMW223_MEA_2021";"NL11";"dummyMeetpuntVoorToetsing";137647;465270;"M27";"nietNodig";"NL11_MolenpolderenWestbroek";0.138442288066818;"2021"
"PMW328_MEA_2021";"NL11";"dummyMeetpuntVoorToetsing";136966.1275;464235.46;"M27";"nietNodig";"NL11_MolenpolderenWestbroek";0.138442288066818;"2021"
"PMW154_MEA_2021";"NL11";"dummyMeetpuntVoorToetsing";136449.6849;464409.5214;"M27";"nietNodig";"NL11_MolenpolderenWestbroek";0.138442288066818;"2021"
"PMW333_MEA_2021";"NL11";"dummyMeetpuntVoorToetsing";136036;463591;"M27";"nietNodig";"NL11_MolenpolderenWestbroek";0.138442288066818;"2021"
"PMW057_MEA_2021";"NL11";"dummyMeetpuntVoorToetsing";136294;464589;"M10";"nietNodig";"NL11_OostelijkeBinnenpolder";0.243596096126588;"2021"
"GRV102_MEA_2006";"NL11";"dummyMeetpuntVoorToetsing";135543;477097;"M6a";"nietNodig";"NL11_VaartenVechtstreek";0.107611194621922;"2006"
"GRV102_MEA_2012";"NL11";"dummyMeetpuntVoorToetsing";135543;477097;"M6a";"nietNodig";"NL11_VaartenVechtstreek";0.107611194621922;"2012"
"GRV102_MEA_2018";"NL11";"dummyMeetpuntVoorToetsing";135543;477097;"M6a";"nietNodig";"NL11_VaartenVechtstreek";0.107611194621922;"2018"
"KMS101_MEA_2006";"NL11";"dummyMeetpuntVoorToetsing";137396;476508;"M6a";"nietNodig";"NL11_VaartenVechtstreek";0.0651610453365807;"2006"
"KMS101_MEA_2012";"NL11";"dummyMeetpuntVoorToetsing";137396;476508;"M6a";"nietNodig";"NL11_VaartenVechtstreek";0.0651610453365807;"2012"
"KMS101_MEA_2018";"NL11";"dummyMeetpuntVoorToetsing";137396;476508;"M6a";"nietNodig";"NL11_VaartenVechtstreek";0.0651610453365807;"2018"
"NTV100_MEA_2006";"NL11";"dummyMeetpuntVoorToetsing";137830;479847;"M6a";"nietNodig";"NL11_VaartenVechtstreek";0.128217452775946;"2006"
"BUN100_MEA_2006";"NL11";"dummyMeetpuntVoorToetsing";139125.08;478499.4708;"M6a";"nietNodig";"NL11_VaartenVechtstreek";0.128217452775946;"2006"
"BUN100_MEA_2012";"NL11";"dummyMeetpuntVoorToetsing";139125.08;478499.4708;"M6a";"nietNodig";"NL11_VaartenVechtstreek";0.128217452775946;"2012"
"NTV100_MEA_2012";"NL11";"dummyMeetpuntVoorToetsing";137830;479847;"M6a";"nietNodig";"NL11_VaartenVechtstreek";0.128217452775946;"2012"
"BUN100_MEA_2018";"NL11";"dummyMeetpuntVoorToetsing";139125.08;478499.4708;"M6a";"nietNodig";"NL11_VaartenVechtstreek";0.128217452775946;"2018"
"NTV100_MEA_2018";"NL11";"dummyMeetpuntVoorToetsing";137830;479847;"M6a";"nietNodig";"NL11_VaartenVechtstreek";0.128217452775946;"2018"
"BUN102_MEA_2018";"NL11";"dummyMeetpuntVoorToetsing";140172.864;478939.1479;"M6a";"nietNodig";"NL11_VaartenVechtstreek";0.335333180559566;"2018"
"ZAV102_MEA_2018";"NL11";"dummyMeetpuntVoorToetsing";141584.7938;478948.0469;"M6a";"nietNodig";"NL11_VaartenVechtstreek";0.0759882656509693;"2018"
"ZAV117_MEA_2018";"NL11";"dummyMeetpuntVoorToetsing";141309;477678;"M6a";"nietNodig";"NL11_VaartenVechtstreek";0.0759882656509693;"2018"
"HAP105_MEA_2008";"NL11";"dummyMeetpuntVoorToetsing";135374;476441;"M27";"nietNodig";"NL11_HollandsAnkeveen";0.0256296280650956;"2008"
"HAP105_MEA_2009";"NL11";"dummyMeetpuntVoorToetsing";135374;476441;"M27";"nietNodig";"NL11_HollandsAnkeveen";0.0256296280650956;"2009"
"HAP105_MEA_2011";"NL11";"dummyMeetpuntVoorToetsing";135374;476441;"M27";"nietNodig";"NL11_HollandsAnkeveen";0.0256296280650956;"2011"
"HAP105_MEA_2012";"NL11";"dummyMeetpuntVoorToetsing";135374;476441;"M27";"nietNodig";"NL11_HollandsAnkeveen";0.0256296280650956;"2012"
"HAP105_MEA_2016";"NL11";"dummyMeetpuntVoorToetsing";135374;476441;"M27";"nietNodig";"NL11_HollandsAnkeveen";0.0256296280650956;"2016"
"HAP128_MEA_2022";"NL11";"dummyMeetpuntVoorToetsing";135339;476400;"M27";"nietNodig";"NL11_HollandsAnkeveen";0.0256296280650956;"2022"
"HAP111_MEA_2006";"NL11";"dummyMeetpuntVoorToetsing";134555;476676;"M27";"nietNodig";"NL11_HollandsAnkeveen";0.185652554178303;"2006"
"HAP100_MEA_2008";"NL11";"dummyMeetpuntVoorToetsing";134624;476772;"M27";"nietNodig";"NL11_HollandsAnkeveen";0.185652554178303;"2008"
"HAP100_MEA_2009";"NL11";"dummyMeetpuntVoorToetsing";134624;476772;"M27";"nietNodig";"NL11_HollandsAnkeveen";0.185652554178303;"2009"
"HAP100_MEA_2011";"NL11";"dummyMeetpuntVoorToetsing";134624;476772;"M27";"nietNodig";"NL11_HollandsAnkeveen";0.185652554178303;"2011"
"HAP100_MEA_2012";"NL11";"dummyMeetpuntVoorToetsing";134624;476772;"M27";"nietNodig";"NL11_HollandsAnkeveen";0.0928262770891517;"2012"
"HAP189_MEA_2012";"NL11";"dummyMeetpuntVoorToetsing";135000;476800;"M27";"nietNodig";"NL11_HollandsAnkeveen";0.0928262770891517;"2012"
"HAP239_MEA_2016";"NL11";"dummyMeetpuntVoorToetsing";134770;476440;"M27";"nietNodig";"NL11_HollandsAnkeveen";0.0618841847261011;"2016"
"HAP100_MEA_2016";"NL11";"dummyMeetpuntVoorToetsing";134624;476772;"M27";"nietNodig";"NL11_HollandsAnkeveen";0.0618841847261011;"2016"
"HAP189_MEA_2016";"NL11";"dummyMeetpuntVoorToetsing";135000;476800;"M27";"nietNodig";"NL11_HollandsAnkeveen";0.0618841847261011;"2016"
"HAP192_MEA_2022";"NL11";"dummyMeetpuntVoorToetsing";134620;476727;"M27";"nietNodig";"NL11_HollandsAnkeveen";0.0618841847261011;"2022"
"HAP131_MEA_2022";"NL11";"dummyMeetpuntVoorToetsing";134972;476844;"M27";"nietNodig";"NL11_HollandsAnkeveen";0.0618841847261011;"2022"
"HAP239_MEA_2022";"NL11";"dummyMeetpuntVoorToetsing";134770;476440;"M27";"nietNodig";"NL11_HollandsAnkeveen";0.0618841847261011;"2022"
"HAP108_MEA_2006";"NL11";"dummyMeetpuntVoorToetsing";134750;475850;"M27";"nietNodig";"NL11_HollandsAnkeveen";0.694416416172318;"2006"
"HAP101_MEA_2008";"NL11";"dummyMeetpuntVoorToetsing";133885;476619;"M27";"nietNodig";"NL11_HollandsAnkeveen";0.231472138724106;"2008"
"HAP102_MEA_2008";"NL11";"dummyMeetpuntVoorToetsing";134844;475971;"M27";"nietNodig";"NL11_HollandsAnkeveen";0.231472138724106;"2008"
"HAP103_MEA_2008";"NL11";"dummyMeetpuntVoorToetsing";134697;475854;"M27";"nietNodig";"NL11_HollandsAnkeveen";0.231472138724106;"2008"
"HAP103_MEA_2009";"NL11";"dummyMeetpuntVoorToetsing";134697;475854;"M27";"nietNodig";"NL11_HollandsAnkeveen";0.231472138724106;"2009"
"HAP101_MEA_2009";"NL11";"dummyMeetpuntVoorToetsing";133885;476619;"M27";"nietNodig";"NL11_HollandsAnkeveen";0.231472138724106;"2009"
"HAP102_MEA_2009";"NL11";"dummyMeetpuntVoorToetsing";134844;475971;"M27";"nietNodig";"NL11_HollandsAnkeveen";0.231472138724106;"2009"
"HAP101_MEA_2011";"NL11";"dummyMeetpuntVoorToetsing";133885;476619;"M27";"nietNodig";"NL11_HollandsAnkeveen";0.231472138724106;"2011"
"HAP102_MEA_2011";"NL11";"dummyMeetpuntVoorToetsing";134844;475971;"M27";"nietNodig";"NL11_HollandsAnkeveen";0.231472138724106;"2011"
"HAP103_MEA_2011";"NL11";"dummyMeetpuntVoorToetsing";134697;475854;"M27";"nietNodig";"NL11_HollandsAnkeveen";0.231472138724106;"2011"
"HAP103_MEA_2012";"NL11";"dummyMeetpuntVoorToetsing";134697;475854;"M27";"nietNodig";"NL11_HollandsAnkeveen";0.231472138724106;"2012"
"HAP102_MEA_2012";"NL11";"dummyMeetpuntVoorToetsing";134844;475971;"M27";"nietNodig";"NL11_HollandsAnkeveen";0.231472138724106;"2012"
"HAP101_MEA_2012";"NL11";"dummyMeetpuntVoorToetsing";133885;476619;"M27";"nietNodig";"NL11_HollandsAnkeveen";0.231472138724106;"2012"
"HAP162_MEA_2016";"NL11";"dummyMeetpuntVoorToetsing";135095;475658;"M27";"nietNodig";"NL11_HollandsAnkeveen";0.17360410404308;"2016"
"HAP101_MEA_2016";"NL11";"dummyMeetpuntVoorToetsing";133885;476619;"M27";"nietNodig";"NL11_HollandsAnkeveen";0.17360410404308;"2016"
"HAP102_MEA_2016";"NL11";"dummyMeetpuntVoorToetsing";134844;475971;"M27";"nietNodig";"NL11_HollandsAnkeveen";0.17360410404308;"2016"
"HAP103_MEA_2016";"NL11";"dummyMeetpuntVoorToetsing";134697;475854;"M27";"nietNodig";"NL11_HollandsAnkeveen";0.17360410404308;"2016"
"HAP162_MEA_2022";"NL11";"dummyMeetpuntVoorToetsing";135095;475658;"M27";"nietNodig";"NL11_HollandsAnkeveen";0.17360410404308;"2022"
"HAP231_MEA_2022";"NL11";"dummyMeetpuntVoorToetsing";133948.4817;476679.5658;"M27";"nietNodig";"NL11_HollandsAnkeveen";0.17360410404308;"2022"
"HAP180_MEA_2022";"NL11";"dummyMeetpuntVoorToetsing";134792;476016;"M27";"nietNodig";"NL11_HollandsAnkeveen";0.17360410404308;"2022"
"HAP168_MEA_2022";"NL11";"dummyMeetpuntVoorToetsing";134189;476141;"M27";"nietNodig";"NL11_HollandsAnkeveen";0.17360410404308;"2022"
"HAP110_MEA_2006";"NL11";"dummyMeetpuntVoorToetsing";135583;476218;"M27";"nietNodig";"NL11_HollandsAnkeveen";0.0943014015842828;"2006"
"HAP104_MEA_2008";"NL11";"dummyMeetpuntVoorToetsing";135433;476207;"M27";"nietNodig";"NL11_HollandsAnkeveen";0.0943014015842828;"2008"
"HAP104_MEA_2009";"NL11";"dummyMeetpuntVoorToetsing";135433;476207;"M27";"nietNodig";"NL11_HollandsAnkeveen";0.0943014015842828;"2009"
"HAP104_MEA_2011";"NL11";"dummyMeetpuntVoorToetsing";135433;476207;"M27";"nietNodig";"NL11_HollandsAnkeveen";0.0943014015842828;"2011"
"HAP104_MEA_2012";"NL11";"dummyMeetpuntVoorToetsing";135433;476207;"M27";"nietNodig";"NL11_HollandsAnkeveen";0.0943014015842828;"2012"
"HAP104_MEA_2016";"NL11";"dummyMeetpuntVoorToetsing";135433;476207;"M27";"nietNodig";"NL11_HollandsAnkeveen";0.0943014015842828;"2016"
"HAP225_MEA_2022";"NL11";"dummyMeetpuntVoorToetsing";135525;476218;"M27";"nietNodig";"NL11_HollandsAnkeveen";0.0943014015842828;"2022"
"GRV101_MEA_2006";"NL11";"dummyMeetpuntVoorToetsing";136870.635;470872.9206;"M6a";"nietNodig";"NL11_VaartenVechtstreek";0.0834831426281004;"2006"
"GRV101_MEA_2012";"NL11";"dummyMeetpuntVoorToetsing";136870.635;470872.9206;"M6a";"nietNodig";"NL11_VaartenVechtstreek";0.0834831426281004;"2012"
"NIJ119_MEA_2012";"NL11";"dummyMeetpuntVoorToetsing";119441.5244;492570.0631;"M20";"nietNodig";"NL11_NoorderIJplas";0.25;"2012"
"NIJ130_MEA_2012";"NL11";"dummyMeetpuntVoorToetsing";119603.1093;492958.6831;"M20";"nietNodig";"NL11_NoorderIJplas";0.25;"2012"
"NIJ125_MEA_2012";"NL11";"dummyMeetpuntVoorToetsing";119194;493307;"M20";"nietNodig";"NL11_NoorderIJplas";0.25;"2012"
"NIJ147_MEA_2012";"NL11";"dummyMeetpuntVoorToetsing";119574;493451;"M20";"nietNodig";"NL11_NoorderIJplas";0.25;"2012"
"SBI100_MEA_2006";"NL11";"dummyMeetpuntVoorToetsing";116165.9716;486069.6567;"M20";"nietNodig";"NL11_Sloterplas";1;"2006"
"SBI101_MEA_2012";"NL11";"dummyMeetpuntVoorToetsing";116890.0367;486837.1383;"M20";"nietNodig";"NL11_Sloterplas";0.25;"2012"
"SBI100_MEA_2012";"NL11";"dummyMeetpuntVoorToetsing";116165.9716;486069.6567;"M20";"nietNodig";"NL11_Sloterplas";0.25;"2012"
"SBI104_MEA_2012";"NL11";"dummyMeetpuntVoorToetsing";116042;486481;"M20";"nietNodig";"NL11_Sloterplas";0.25;"2012"
"SBI131_MEA_2012";"NL11";"dummyMeetpuntVoorToetsing";116877;486848;"M20";"nietNodig";"NL11_Sloterplas";0.25;"2012"
"SBI100_MEA_2018";"NL11";"dummyMeetpuntVoorToetsing";116165.9716;486069.6567;"M20";"nietNodig";"NL11_Sloterplas";0.5;"2018"
"SBI104_MEA_2018";"NL11";"dummyMeetpuntVoorToetsing";116042;486481;"M20";"nietNodig";"NL11_Sloterplas";0.5;"2018"
